-4,-40,OhTWV+o+nGBIBXiKcv5y05c+7r4=,+rAhCSTL89Qxwn1ielzjkpklFKg=
-3,-40,OhTWV+o+nGBIBXiKcv5y05c+7r4=,+rAhCSTL89Qxwn1ielzjkpklFKg=
-6,-42,OhTWV+o+nGBIBXiKcv5y05c+7r4=,TmsZ9QmYERKPIEjiEktEHqbIRik=
-5,-42,OhTWV+o+nGBIBXiKcv5y05c+7r4=,TmsZ9QmYERKPIEjiEktEHqbIRik=
-4,-39,OhTWV+o+nGBIBXiKcv5y05c+7r4=,+rAhCSTL89Qxwn1ielzjkpklFKg=
-3,-39,OhTWV+o+nGBIBXiKcv5y05c+7r4=,+rAhCSTL89Qxwn1ielzjkpklFKg=
-5,-41,OhTWV+o+nGBIBXiKcv5y05c+7r4=,TmsZ9QmYERKPIEjiEktEHqbIRik=
-3,-41,OhTWV+o+nGBIBXiKcv5y05c+7r4=,0PJMOj5OPBn8I9MojgWkEptziSQ=
-4,-41,OhTWV+o+nGBIBXiKcv5y05c+7r4=,0PJMOj5OPBn8I9MojgWkEptziSQ=
-6,-41,OhTWV+o+nGBIBXiKcv5y05c+7r4=,TmsZ9QmYERKPIEjiEktEHqbIRik=
-3,-42,OhTWV+o+nGBIBXiKcv5y05c+7r4=,0PJMOj5OPBn8I9MojgWkEptziSQ=
-4,-42,OhTWV+o+nGBIBXiKcv5y05c+7r4=,0PJMOj5OPBn8I9MojgWkEptziSQ=
-6,-39,OhTWV+o+nGBIBXiKcv5y05c+7r4=,GPLByJfNx1x712JO5CfOEiLWqgI=
-5,-39,OhTWV+o+nGBIBXiKcv5y05c+7r4=,GPLByJfNx1x712JO5CfOEiLWqgI=
-6,-40,OhTWV+o+nGBIBXiKcv5y05c+7r4=,GPLByJfNx1x712JO5CfOEiLWqgI=
-4,-35,OhTWV+o+nGBIBXiKcv5y05c+7r4=,NcxAonjvmhWze8xQ5uhltLld0b8=
-5,-40,OhTWV+o+nGBIBXiKcv5y05c+7r4=,GPLByJfNx1x712JO5CfOEiLWqgI=
-3,-35,OhTWV+o+nGBIBXiKcv5y05c+7r4=,NcxAonjvmhWze8xQ5uhltLld0b8=
-5,-35,OhTWV+o+nGBIBXiKcv5y05c+7r4=,bD90mzKE2botSiAzIzcocFKkSrY=
-6,-36,OhTWV+o+nGBIBXiKcv5y05c+7r4=,bD90mzKE2botSiAzIzcocFKkSrY=
-6,-35,OhTWV+o+nGBIBXiKcv5y05c+7r4=,bD90mzKE2botSiAzIzcocFKkSrY=
-5,-37,OhTWV+o+nGBIBXiKcv5y05c+7r4=,GPLByJfNx1x712JO5CfOEiLWqgI=
-6,-37,OhTWV+o+nGBIBXiKcv5y05c+7r4=,GPLByJfNx1x712JO5CfOEiLWqgI=
-4,-37,OhTWV+o+nGBIBXiKcv5y05c+7r4=,+rAhCSTL89Qxwn1ielzjkpklFKg=
-3,-37,OhTWV+o+nGBIBXiKcv5y05c+7r4=,+rAhCSTL89Qxwn1ielzjkpklFKg=
-6,-38,OhTWV+o+nGBIBXiKcv5y05c+7r4=,GPLByJfNx1x712JO5CfOEiLWqgI=
-5,-38,OhTWV+o+nGBIBXiKcv5y05c+7r4=,GPLByJfNx1x712JO5CfOEiLWqgI=
-3,-38,OhTWV+o+nGBIBXiKcv5y05c+7r4=,+rAhCSTL89Qxwn1ielzjkpklFKg=
-4,-36,OhTWV+o+nGBIBXiKcv5y05c+7r4=,NcxAonjvmhWze8xQ5uhltLld0b8=
-4,-38,OhTWV+o+nGBIBXiKcv5y05c+7r4=,+rAhCSTL89Qxwn1ielzjkpklFKg=
-5,-36,OhTWV+o+nGBIBXiKcv5y05c+7r4=,bD90mzKE2botSiAzIzcocFKkSrY=
-3,-36,OhTWV+o+nGBIBXiKcv5y05c+7r4=,NcxAonjvmhWze8xQ5uhltLld0b8=
-8,-42,LLJY158MxwRQtSnAVTTWbsI5ATQ=,TmsZ9QmYERKPIEjiEktEHqbIRik=
-7,-42,LLJY158MxwRQtSnAVTTWbsI5ATQ=,TmsZ9QmYERKPIEjiEktEHqbIRik=
-8,-40,LLJY158MxwRQtSnAVTTWbsI5ATQ=,GPLByJfNx1x712JO5CfOEiLWqgI=
-7,-40,LLJY158MxwRQtSnAVTTWbsI5ATQ=,GPLByJfNx1x712JO5CfOEiLWqgI=
-10,-40,LLJY158MxwRQtSnAVTTWbsI5ATQ=,W9lJQgkVzlNORYW1eHE+glmhOlo=
-9,-40,LLJY158MxwRQtSnAVTTWbsI5ATQ=,W9lJQgkVzlNORYW1eHE+glmhOlo=
-8,-41,LLJY158MxwRQtSnAVTTWbsI5ATQ=,TmsZ9QmYERKPIEjiEktEHqbIRik=
-9,-41,LLJY158MxwRQtSnAVTTWbsI5ATQ=,Ad3ZyCESBRZD10iOvgtcQBqIwSE=
-10,-39,LLJY158MxwRQtSnAVTTWbsI5ATQ=,W9lJQgkVzlNORYW1eHE+glmhOlo=
-8,-36,LLJY158MxwRQtSnAVTTWbsI5ATQ=,bD90mzKE2botSiAzIzcocFKkSrY=
-8,-37,LLJY158MxwRQtSnAVTTWbsI5ATQ=,GPLByJfNx1x712JO5CfOEiLWqgI=
-7,-35,brhvkx5dsRqjDZF3V8pXgQtd2qc=,bD90mzKE2botSiAzIzcocFKkSrY=
-9,-35,brhvkx5dsRqjDZF3V8pXgQtd2qc=,8EoK8rVWxeND2bAjqABcM3mdkJg=
-9,-37,brhvkx5dsRqjDZF3V8pXgQtd2qc=,W9lJQgkVzlNORYW1eHE+glmhOlo=
-10,-37,brhvkx5dsRqjDZF3V8pXgQtd2qc=,W9lJQgkVzlNORYW1eHE+glmhOlo=
-10,-38,brhvkx5dsRqjDZF3V8pXgQtd2qc=,W9lJQgkVzlNORYW1eHE+glmhOlo=
-9,-38,brhvkx5dsRqjDZF3V8pXgQtd2qc=,W9lJQgkVzlNORYW1eHE+glmhOlo=
-10,-35,brhvkx5dsRqjDZF3V8pXgQtd2qc=,8EoK8rVWxeND2bAjqABcM3mdkJg=
-7,-38,brhvkx5dsRqjDZF3V8pXgQtd2qc=,GPLByJfNx1x712JO5CfOEiLWqgI=
-8,-35,brhvkx5dsRqjDZF3V8pXgQtd2qc=,bD90mzKE2botSiAzIzcocFKkSrY=
-7,-37,brhvkx5dsRqjDZF3V8pXgQtd2qc=,GPLByJfNx1x712JO5CfOEiLWqgI=
-7,-36,brhvkx5dsRqjDZF3V8pXgQtd2qc=,bD90mzKE2botSiAzIzcocFKkSrY=
-10,-41,brhvkx5dsRqjDZF3V8pXgQtd2qc=,Ad3ZyCESBRZD10iOvgtcQBqIwSE=
-9,-42,brhvkx5dsRqjDZF3V8pXgQtd2qc=,Ad3ZyCESBRZD10iOvgtcQBqIwSE=
-8,-39,brhvkx5dsRqjDZF3V8pXgQtd2qc=,GPLByJfNx1x712JO5CfOEiLWqgI=
-10,-42,brhvkx5dsRqjDZF3V8pXgQtd2qc=,Ad3ZyCESBRZD10iOvgtcQBqIwSE=
-7,-41,brhvkx5dsRqjDZF3V8pXgQtd2qc=,TmsZ9QmYERKPIEjiEktEHqbIRik=
-7,-39,brhvkx5dsRqjDZF3V8pXgQtd2qc=,GPLByJfNx1x712JO5CfOEiLWqgI=
-9,-36,brhvkx5dsRqjDZF3V8pXgQtd2qc=,8EoK8rVWxeND2bAjqABcM3mdkJg=
-9,-39,brhvkx5dsRqjDZF3V8pXgQtd2qc=,W9lJQgkVzlNORYW1eHE+glmhOlo=
-10,-36,brhvkx5dsRqjDZF3V8pXgQtd2qc=,8EoK8rVWxeND2bAjqABcM3mdkJg=
-8,-38,brhvkx5dsRqjDZF3V8pXgQtd2qc=,GPLByJfNx1x712JO5CfOEiLWqgI=
-12,-40,brhvkx5dsRqjDZF3V8pXgQtd2qc=,W9lJQgkVzlNORYW1eHE+glmhOlo=
-11,-40,brhvkx5dsRqjDZF3V8pXgQtd2qc=,W9lJQgkVzlNORYW1eHE+glmhOlo=
-14,-40,brhvkx5dsRqjDZF3V8pXgQtd2qc=,RkrsjIzEEkuVi2FDsexxjrUqZI4=
-13,-40,brhvkx5dsRqjDZF3V8pXgQtd2qc=,RkrsjIzEEkuVi2FDsexxjrUqZI4=
-13,-41,brhvkx5dsRqjDZF3V8pXgQtd2qc=,2iAQ2xzrlSxfWEYOLWk6+6PPLBA=
-14,-41,brhvkx5dsRqjDZF3V8pXgQtd2qc=,2iAQ2xzrlSxfWEYOLWk6+6PPLBA=
-13,-42,brhvkx5dsRqjDZF3V8pXgQtd2qc=,2iAQ2xzrlSxfWEYOLWk6+6PPLBA=
-11,-41,brhvkx5dsRqjDZF3V8pXgQtd2qc=,Ad3ZyCESBRZD10iOvgtcQBqIwSE=
-12,-41,brhvkx5dsRqjDZF3V8pXgQtd2qc=,Ad3ZyCESBRZD10iOvgtcQBqIwSE=
-14,-42,brhvkx5dsRqjDZF3V8pXgQtd2qc=,2iAQ2xzrlSxfWEYOLWk6+6PPLBA=
-13,-39,brhvkx5dsRqjDZF3V8pXgQtd2qc=,RkrsjIzEEkuVi2FDsexxjrUqZI4=
-12,-39,brhvkx5dsRqjDZF3V8pXgQtd2qc=,W9lJQgkVzlNORYW1eHE+glmhOlo=
-14,-39,brhvkx5dsRqjDZF3V8pXgQtd2qc=,RkrsjIzEEkuVi2FDsexxjrUqZI4=
-11,-39,brhvkx5dsRqjDZF3V8pXgQtd2qc=,W9lJQgkVzlNORYW1eHE+glmhOlo=
-12,-42,brhvkx5dsRqjDZF3V8pXgQtd2qc=,Ad3ZyCESBRZD10iOvgtcQBqIwSE=
-11,-42,brhvkx5dsRqjDZF3V8pXgQtd2qc=,Ad3ZyCESBRZD10iOvgtcQBqIwSE=
-12,-36,brhvkx5dsRqjDZF3V8pXgQtd2qc=,8EoK8rVWxeND2bAjqABcM3mdkJg=
-14,-37,brhvkx5dsRqjDZF3V8pXgQtd2qc=,RkrsjIzEEkuVi2FDsexxjrUqZI4=
-11,-35,brhvkx5dsRqjDZF3V8pXgQtd2qc=,8EoK8rVWxeND2bAjqABcM3mdkJg=
-12,-37,brhvkx5dsRqjDZF3V8pXgQtd2qc=,W9lJQgkVzlNORYW1eHE+glmhOlo=
-12,-35,brhvkx5dsRqjDZF3V8pXgQtd2qc=,8EoK8rVWxeND2bAjqABcM3mdkJg=
-14,-38,brhvkx5dsRqjDZF3V8pXgQtd2qc=,RkrsjIzEEkuVi2FDsexxjrUqZI4=
-13,-38,brhvkx5dsRqjDZF3V8pXgQtd2qc=,RkrsjIzEEkuVi2FDsexxjrUqZI4=
-11,-38,brhvkx5dsRqjDZF3V8pXgQtd2qc=,W9lJQgkVzlNORYW1eHE+glmhOlo=
-13,-37,brhvkx5dsRqjDZF3V8pXgQtd2qc=,RkrsjIzEEkuVi2FDsexxjrUqZI4=
-11,-36,brhvkx5dsRqjDZF3V8pXgQtd2qc=,8EoK8rVWxeND2bAjqABcM3mdkJg=
-12,-38,brhvkx5dsRqjDZF3V8pXgQtd2qc=,W9lJQgkVzlNORYW1eHE+glmhOlo=
-14,-36,brhvkx5dsRqjDZF3V8pXgQtd2qc=,n18+fLB6hakyjQAIaLwAghALn2Y=
-13,-36,brhvkx5dsRqjDZF3V8pXgQtd2qc=,n18+fLB6hakyjQAIaLwAghALn2Y=
-11,-37,brhvkx5dsRqjDZF3V8pXgQtd2qc=,W9lJQgkVzlNORYW1eHE+glmhOlo=
-14,-35,brhvkx5dsRqjDZF3V8pXgQtd2qc=,n18+fLB6hakyjQAIaLwAghALn2Y=
-13,-35,brhvkx5dsRqjDZF3V8pXgQtd2qc=,n18+fLB6hakyjQAIaLwAghALn2Y=
-2,-44,brhvkx5dsRqjDZF3V8pXgQtd2qc=,0PJMOj5OPBn8I9MojgWkEptziSQ=
-1,-44,brhvkx5dsRqjDZF3V8pXgQtd2qc=,0PJMOj5OPBn8I9MojgWkEptziSQ=
-2,-43,brhvkx5dsRqjDZF3V8pXgQtd2qc=,0PJMOj5OPBn8I9MojgWkEptziSQ=
-1,-43,brhvkx5dsRqjDZF3V8pXgQtd2qc=,0PJMOj5OPBn8I9MojgWkEptziSQ=
-14,-34,brhvkx5dsRqjDZF3V8pXgQtd2qc=,n18+fLB6hakyjQAIaLwAghALn2Y=
-13,-33,brhvkx5dsRqjDZF3V8pXgQtd2qc=,n18+fLB6hakyjQAIaLwAghALn2Y=
-14,-33,brhvkx5dsRqjDZF3V8pXgQtd2qc=,n18+fLB6hakyjQAIaLwAghALn2Y=
-11,-33,brhvkx5dsRqjDZF3V8pXgQtd2qc=,8EoK8rVWxeND2bAjqABcM3mdkJg=
-13,-34,brhvkx5dsRqjDZF3V8pXgQtd2qc=,n18+fLB6hakyjQAIaLwAghALn2Y=
-12,-33,brhvkx5dsRqjDZF3V8pXgQtd2qc=,8EoK8rVWxeND2bAjqABcM3mdkJg=
-11,-34,brhvkx5dsRqjDZF3V8pXgQtd2qc=,8EoK8rVWxeND2bAjqABcM3mdkJg=
-12,-34,brhvkx5dsRqjDZF3V8pXgQtd2qc=,8EoK8rVWxeND2bAjqABcM3mdkJg=
-16,-38,brhvkx5dsRqjDZF3V8pXgQtd2qc=,RkrsjIzEEkuVi2FDsexxjrUqZI4=
-16,-37,brhvkx5dsRqjDZF3V8pXgQtd2qc=,RkrsjIzEEkuVi2FDsexxjrUqZI4=
-15,-33,brhvkx5dsRqjDZF3V8pXgQtd2qc=,n18+fLB6hakyjQAIaLwAghALn2Y=
-16,-36,brhvkx5dsRqjDZF3V8pXgQtd2qc=,n18+fLB6hakyjQAIaLwAghALn2Y=
-16,-33,brhvkx5dsRqjDZF3V8pXgQtd2qc=,n18+fLB6hakyjQAIaLwAghALn2Y=
-15,-37,brhvkx5dsRqjDZF3V8pXgQtd2qc=,RkrsjIzEEkuVi2FDsexxjrUqZI4=
-16,-34,brhvkx5dsRqjDZF3V8pXgQtd2qc=,n18+fLB6hakyjQAIaLwAghALn2Y=
-15,-34,brhvkx5dsRqjDZF3V8pXgQtd2qc=,n18+fLB6hakyjQAIaLwAghALn2Y=
-15,-35,brhvkx5dsRqjDZF3V8pXgQtd2qc=,n18+fLB6hakyjQAIaLwAghALn2Y=
-15,-38,brhvkx5dsRqjDZF3V8pXgQtd2qc=,RkrsjIzEEkuVi2FDsexxjrUqZI4=
-16,-35,brhvkx5dsRqjDZF3V8pXgQtd2qc=,n18+fLB6hakyjQAIaLwAghALn2Y=
-15,-36,brhvkx5dsRqjDZF3V8pXgQtd2qc=,n18+fLB6hakyjQAIaLwAghALn2Y=
-2,-40,Gm/1TdgCgM6k97uvEF4/KVyh0tY=,+rAhCSTL89Qxwn1ielzjkpklFKg=
-1,-41,Gm/1TdgCgM6k97uvEF4/KVyh0tY=,0PJMOj5OPBn8I9MojgWkEptziSQ=
-2,-41,Gm/1TdgCgM6k97uvEF4/KVyh0tY=,0PJMOj5OPBn8I9MojgWkEptziSQ=
-1,-42,Gm/1TdgCgM6k97uvEF4/KVyh0tY=,0PJMOj5OPBn8I9MojgWkEptziSQ=
-2,-42,Gm/1TdgCgM6k97uvEF4/KVyh0tY=,0PJMOj5OPBn8I9MojgWkEptziSQ=
-1,-40,Gm/1TdgCgM6k97uvEF4/KVyh0tY=,+rAhCSTL89Qxwn1ielzjkpklFKg=
-2,-39,Gm/1TdgCgM6k97uvEF4/KVyh0tY=,+rAhCSTL89Qxwn1ielzjkpklFKg=
-1,-39,Gm/1TdgCgM6k97uvEF4/KVyh0tY=,+rAhCSTL89Qxwn1ielzjkpklFKg=
-2,-36,Gm/1TdgCgM6k97uvEF4/KVyh0tY=,NcxAonjvmhWze8xQ5uhltLld0b8=
-2,-35,Gm/1TdgCgM6k97uvEF4/KVyh0tY=,NcxAonjvmhWze8xQ5uhltLld0b8=
-2,-37,Gm/1TdgCgM6k97uvEF4/KVyh0tY=,+rAhCSTL89Qxwn1ielzjkpklFKg=
-1,-35,Gm/1TdgCgM6k97uvEF4/KVyh0tY=,NcxAonjvmhWze8xQ5uhltLld0b8=
-1,-38,Gm/1TdgCgM6k97uvEF4/KVyh0tY=,+rAhCSTL89Qxwn1ielzjkpklFKg=
-2,-38,Gm/1TdgCgM6k97uvEF4/KVyh0tY=,+rAhCSTL89Qxwn1ielzjkpklFKg=
-1,-37,Gm/1TdgCgM6k97uvEF4/KVyh0tY=,+rAhCSTL89Qxwn1ielzjkpklFKg=
-6,-44,Gm/1TdgCgM6k97uvEF4/KVyh0tY=,TmsZ9QmYERKPIEjiEktEHqbIRik=
-5,-43,Gm/1TdgCgM6k97uvEF4/KVyh0tY=,TmsZ9QmYERKPIEjiEktEHqbIRik=
-5,-44,Gm/1TdgCgM6k97uvEF4/KVyh0tY=,TmsZ9QmYERKPIEjiEktEHqbIRik=
-4,-44,Gm/1TdgCgM6k97uvEF4/KVyh0tY=,0PJMOj5OPBn8I9MojgWkEptziSQ=
-3,-43,Gm/1TdgCgM6k97uvEF4/KVyh0tY=,0PJMOj5OPBn8I9MojgWkEptziSQ=
-6,-43,Gm/1TdgCgM6k97uvEF4/KVyh0tY=,TmsZ9QmYERKPIEjiEktEHqbIRik=
-3,-44,Gm/1TdgCgM6k97uvEF4/KVyh0tY=,0PJMOj5OPBn8I9MojgWkEptziSQ=
-4,-43,Gm/1TdgCgM6k97uvEF4/KVyh0tY=,0PJMOj5OPBn8I9MojgWkEptziSQ=
-9,-33,Gm/1TdgCgM6k97uvEF4/KVyh0tY=,8EoK8rVWxeND2bAjqABcM3mdkJg=
-1,-36,Gm/1TdgCgM6k97uvEF4/KVyh0tY=,NcxAonjvmhWze8xQ5uhltLld0b8=
-10,-34,Gm/1TdgCgM6k97uvEF4/KVyh0tY=,8EoK8rVWxeND2bAjqABcM3mdkJg=
-8,-34,Gm/1TdgCgM6k97uvEF4/KVyh0tY=,bD90mzKE2botSiAzIzcocFKkSrY=
-8,-33,Gm/1TdgCgM6k97uvEF4/KVyh0tY=,bD90mzKE2botSiAzIzcocFKkSrY=
-10,-33,Gm/1TdgCgM6k97uvEF4/KVyh0tY=,8EoK8rVWxeND2bAjqABcM3mdkJg=
-9,-34,Gm/1TdgCgM6k97uvEF4/KVyh0tY=,8EoK8rVWxeND2bAjqABcM3mdkJg=
-7,-33,Gm/1TdgCgM6k97uvEF4/KVyh0tY=,bD90mzKE2botSiAzIzcocFKkSrY=
-7,-34,Gm/1TdgCgM6k97uvEF4/KVyh0tY=,bD90mzKE2botSiAzIzcocFKkSrY=
-4,-34,Gm/1TdgCgM6k97uvEF4/KVyh0tY=,NcxAonjvmhWze8xQ5uhltLld0b8=
-1,-33,Gm/1TdgCgM6k97uvEF4/KVyh0tY=,NcxAonjvmhWze8xQ5uhltLld0b8=
-5,-33,Gm/1TdgCgM6k97uvEF4/KVyh0tY=,bD90mzKE2botSiAzIzcocFKkSrY=
-1,-34,Gm/1TdgCgM6k97uvEF4/KVyh0tY=,NcxAonjvmhWze8xQ5uhltLld0b8=
-5,-34,Gm/1TdgCgM6k97uvEF4/KVyh0tY=,bD90mzKE2botSiAzIzcocFKkSrY=
-2,-34,Gm/1TdgCgM6k97uvEF4/KVyh0tY=,NcxAonjvmhWze8xQ5uhltLld0b8=
-3,-33,Gm/1TdgCgM6k97uvEF4/KVyh0tY=,NcxAonjvmhWze8xQ5uhltLld0b8=
-4,-33,Gm/1TdgCgM6k97uvEF4/KVyh0tY=,NcxAonjvmhWze8xQ5uhltLld0b8=
-6,-34,Gm/1TdgCgM6k97uvEF4/KVyh0tY=,bD90mzKE2botSiAzIzcocFKkSrY=
-2,-33,Gm/1TdgCgM6k97uvEF4/KVyh0tY=,NcxAonjvmhWze8xQ5uhltLld0b8=
-3,-34,Gm/1TdgCgM6k97uvEF4/KVyh0tY=,NcxAonjvmhWze8xQ5uhltLld0b8=
-6,-33,Gm/1TdgCgM6k97uvEF4/KVyh0tY=,bD90mzKE2botSiAzIzcocFKkSrY=
-8,-43,Gm/1TdgCgM6k97uvEF4/KVyh0tY=,TmsZ9QmYERKPIEjiEktEHqbIRik=
-8,-44,Gm/1TdgCgM6k97uvEF4/KVyh0tY=,TmsZ9QmYERKPIEjiEktEHqbIRik=
-9,-43,Gm/1TdgCgM6k97uvEF4/KVyh0tY=,Ad3ZyCESBRZD10iOvgtcQBqIwSE=
-7,-43,Gm/1TdgCgM6k97uvEF4/KVyh0tY=,TmsZ9QmYERKPIEjiEktEHqbIRik=
-10,-43,Gm/1TdgCgM6k97uvEF4/KVyh0tY=,Ad3ZyCESBRZD10iOvgtcQBqIwSE=
-7,-44,Gm/1TdgCgM6k97uvEF4/KVyh0tY=,TmsZ9QmYERKPIEjiEktEHqbIRik=
-10,-44,Gm/1TdgCgM6k97uvEF4/KVyh0tY=,Ad3ZyCESBRZD10iOvgtcQBqIwSE=
-9,-44,Gm/1TdgCgM6k97uvEF4/KVyh0tY=,Ad3ZyCESBRZD10iOvgtcQBqIwSE=
-11,-43,Gm/1TdgCgM6k97uvEF4/KVyh0tY=,Ad3ZyCESBRZD10iOvgtcQBqIwSE=
-14,-43,Gm/1TdgCgM6k97uvEF4/KVyh0tY=,2iAQ2xzrlSxfWEYOLWk6+6PPLBA=
-12,-44,Gm/1TdgCgM6k97uvEF4/KVyh0tY=,Ad3ZyCESBRZD10iOvgtcQBqIwSE=
-13,-43,Gm/1TdgCgM6k97uvEF4/KVyh0tY=,2iAQ2xzrlSxfWEYOLWk6+6PPLBA=
-14,-44,Gm/1TdgCgM6k97uvEF4/KVyh0tY=,2iAQ2xzrlSxfWEYOLWk6+6PPLBA=
-13,-44,Gm/1TdgCgM6k97uvEF4/KVyh0tY=,2iAQ2xzrlSxfWEYOLWk6+6PPLBA=
-12,-43,Gm/1TdgCgM6k97uvEF4/KVyh0tY=,Ad3ZyCESBRZD10iOvgtcQBqIwSE=
-11,-44,Gm/1TdgCgM6k97uvEF4/KVyh0tY=,Ad3ZyCESBRZD10iOvgtcQBqIwSE=
-15,-41,Gm/1TdgCgM6k97uvEF4/KVyh0tY=,2iAQ2xzrlSxfWEYOLWk6+6PPLBA=
-16,-41,Gm/1TdgCgM6k97uvEF4/KVyh0tY=,2iAQ2xzrlSxfWEYOLWk6+6PPLBA=
-15,-42,Gm/1TdgCgM6k97uvEF4/KVyh0tY=,2iAQ2xzrlSxfWEYOLWk6+6PPLBA=
-16,-42,Gm/1TdgCgM6k97uvEF4/KVyh0tY=,2iAQ2xzrlSxfWEYOLWk6+6PPLBA=
-16,-43,Gm/1TdgCgM6k97uvEF4/KVyh0tY=,2iAQ2xzrlSxfWEYOLWk6+6PPLBA=
-15,-43,Gm/1TdgCgM6k97uvEF4/KVyh0tY=,2iAQ2xzrlSxfWEYOLWk6+6PPLBA=
-16,-44,Gm/1TdgCgM6k97uvEF4/KVyh0tY=,2iAQ2xzrlSxfWEYOLWk6+6PPLBA=
-15,-44,Gm/1TdgCgM6k97uvEF4/KVyh0tY=,2iAQ2xzrlSxfWEYOLWk6+6PPLBA=
-16,-40,Gm/1TdgCgM6k97uvEF4/KVyh0tY=,RkrsjIzEEkuVi2FDsexxjrUqZI4=
-15,-40,Gm/1TdgCgM6k97uvEF4/KVyh0tY=,RkrsjIzEEkuVi2FDsexxjrUqZI4=
-16,-39,Gm/1TdgCgM6k97uvEF4/KVyh0tY=,RkrsjIzEEkuVi2FDsexxjrUqZI4=
-15,-39,Gm/1TdgCgM6k97uvEF4/KVyh0tY=,RkrsjIzEEkuVi2FDsexxjrUqZI4=
-20,-38,KkGFc3+25BYtp1G7rszXj+1IaFw=,KBZRk3a2470Iqsjk5sYHcq0b2TQ=
-21,-37,KkGFc3+25BYtp1G7rszXj+1IaFw=,FLQBcaZbMRdwNgaohQGzEhRVhhE=
-20,-37,KkGFc3+25BYtp1G7rszXj+1IaFw=,KBZRk3a2470Iqsjk5sYHcq0b2TQ=
-19,-38,KkGFc3+25BYtp1G7rszXj+1IaFw=,KBZRk3a2470Iqsjk5sYHcq0b2TQ=
-19,-36,KkGFc3+25BYtp1G7rszXj+1IaFw=,e++SL2kTOmh8Or/xEf6omJDvZEw=
-21,-36,KkGFc3+25BYtp1G7rszXj+1IaFw=,2B4In7j4sR90sz4oYbvrIgrPxMA=
-20,-36,KkGFc3+25BYtp1G7rszXj+1IaFw=,e++SL2kTOmh8Or/xEf6omJDvZEw=
-22,-35,KkGFc3+25BYtp1G7rszXj+1IaFw=,2B4In7j4sR90sz4oYbvrIgrPxMA=
-21,-35,KkGFc3+25BYtp1G7rszXj+1IaFw=,2B4In7j4sR90sz4oYbvrIgrPxMA=
-22,-37,KkGFc3+25BYtp1G7rszXj+1IaFw=,FLQBcaZbMRdwNgaohQGzEhRVhhE=
-19,-37,KkGFc3+25BYtp1G7rszXj+1IaFw=,KBZRk3a2470Iqsjk5sYHcq0b2TQ=
-21,-38,KkGFc3+25BYtp1G7rszXj+1IaFw=,FLQBcaZbMRdwNgaohQGzEhRVhhE=
-22,-38,KkGFc3+25BYtp1G7rszXj+1IaFw=,FLQBcaZbMRdwNgaohQGzEhRVhhE=
-22,-36,KkGFc3+25BYtp1G7rszXj+1IaFw=,2B4In7j4sR90sz4oYbvrIgrPxMA=
-19,-35,KkGFc3+25BYtp1G7rszXj+1IaFw=,e++SL2kTOmh8Or/xEf6omJDvZEw=
-20,-35,KkGFc3+25BYtp1G7rszXj+1IaFw=,e++SL2kTOmh8Or/xEf6omJDvZEw=
-24,-40,GnuSYsu6hTrzQW8Foq6P/98/shU=,FLQBcaZbMRdwNgaohQGzEhRVhhE=
-23,-40,GnuSYsu6hTrzQW8Foq6P/98/shU=,FLQBcaZbMRdwNgaohQGzEhRVhhE=
-24,-38,GnuSYsu6hTrzQW8Foq6P/98/shU=,FLQBcaZbMRdwNgaohQGzEhRVhhE=
-23,-38,GnuSYsu6hTrzQW8Foq6P/98/shU=,FLQBcaZbMRdwNgaohQGzEhRVhhE=
-25,-41,GnuSYsu6hTrzQW8Foq6P/98/shU=,qr5PuAniCh9vl0UCGXaoef9/KJc=
-29,-41,GnuSYsu6hTrzQW8Foq6P/98/shU=,CNZzkKzRmyZfRZablxH7bIssVWY=
-28,-40,GnuSYsu6hTrzQW8Foq6P/98/shU=,Wno4Fw4xi304A9qcLrYhjSOjytA=
-24,-36,GnuSYsu6hTrzQW8Foq6P/98/shU=,2B4In7j4sR90sz4oYbvrIgrPxMA=
-27,-40,GnuSYsu6hTrzQW8Foq6P/98/shU=,Wno4Fw4xi304A9qcLrYhjSOjytA=
-28,-42,GnuSYsu6hTrzQW8Foq6P/98/shU=,qr5PuAniCh9vl0UCGXaoef9/KJc=
-27,-42,GnuSYsu6hTrzQW8Foq6P/98/shU=,qr5PuAniCh9vl0UCGXaoef9/KJc=
-25,-38,GnuSYsu6hTrzQW8Foq6P/98/shU=,Wno4Fw4xi304A9qcLrYhjSOjytA=
-30,-41,GnuSYsu6hTrzQW8Foq6P/98/shU=,CNZzkKzRmyZfRZablxH7bIssVWY=
-26,-41,GnuSYsu6hTrzQW8Foq6P/98/shU=,qr5PuAniCh9vl0UCGXaoef9/KJc=
-25,-37,GnuSYsu6hTrzQW8Foq6P/98/shU=,Wno4Fw4xi304A9qcLrYhjSOjytA=
-23,-41,GnuSYsu6hTrzQW8Foq6P/98/shU=,rDdh8WSDX9YmBn0U4NkuxDRuG0w=
-29,-42,GnuSYsu6hTrzQW8Foq6P/98/shU=,CNZzkKzRmyZfRZablxH7bIssVWY=
-25,-35,GnuSYsu6hTrzQW8Foq6P/98/shU=,LJTwTqyyNRKNEzc0nZycRsbCG2s=
-26,-37,GnuSYsu6hTrzQW8Foq6P/98/shU=,Wno4Fw4xi304A9qcLrYhjSOjytA=
-25,-36,GnuSYsu6hTrzQW8Foq6P/98/shU=,LJTwTqyyNRKNEzc0nZycRsbCG2s=
-26,-38,GnuSYsu6hTrzQW8Foq6P/98/shU=,Wno4Fw4xi304A9qcLrYhjSOjytA=
-26,-35,GnuSYsu6hTrzQW8Foq6P/98/shU=,LJTwTqyyNRKNEzc0nZycRsbCG2s=
-24,-35,GnuSYsu6hTrzQW8Foq6P/98/shU=,2B4In7j4sR90sz4oYbvrIgrPxMA=
-24,-37,GnuSYsu6hTrzQW8Foq6P/98/shU=,FLQBcaZbMRdwNgaohQGzEhRVhhE=
-24,-41,GnuSYsu6hTrzQW8Foq6P/98/shU=,rDdh8WSDX9YmBn0U4NkuxDRuG0w=
-30,-42,GnuSYsu6hTrzQW8Foq6P/98/shU=,CNZzkKzRmyZfRZablxH7bIssVWY=
-27,-41,GnuSYsu6hTrzQW8Foq6P/98/shU=,qr5PuAniCh9vl0UCGXaoef9/KJc=
-25,-42,GnuSYsu6hTrzQW8Foq6P/98/shU=,qr5PuAniCh9vl0UCGXaoef9/KJc=
-28,-41,GnuSYsu6hTrzQW8Foq6P/98/shU=,qr5PuAniCh9vl0UCGXaoef9/KJc=
-26,-42,GnuSYsu6hTrzQW8Foq6P/98/shU=,qr5PuAniCh9vl0UCGXaoef9/KJc=
-24,-42,GnuSYsu6hTrzQW8Foq6P/98/shU=,rDdh8WSDX9YmBn0U4NkuxDRuG0w=
-23,-42,GnuSYsu6hTrzQW8Foq6P/98/shU=,rDdh8WSDX9YmBn0U4NkuxDRuG0w=
-23,-37,GnuSYsu6hTrzQW8Foq6P/98/shU=,FLQBcaZbMRdwNgaohQGzEhRVhhE=
-23,-35,GnuSYsu6hTrzQW8Foq6P/98/shU=,2B4In7j4sR90sz4oYbvrIgrPxMA=
-23,-36,GnuSYsu6hTrzQW8Foq6P/98/shU=,2B4In7j4sR90sz4oYbvrIgrPxMA=
-25,-40,GnuSYsu6hTrzQW8Foq6P/98/shU=,Wno4Fw4xi304A9qcLrYhjSOjytA=
-28,-39,GnuSYsu6hTrzQW8Foq6P/98/shU=,Wno4Fw4xi304A9qcLrYhjSOjytA=
-29,-40,GnuSYsu6hTrzQW8Foq6P/98/shU=,/PGLKJTrM0DQBlHv08EIrqyvQTs=
-25,-39,GnuSYsu6hTrzQW8Foq6P/98/shU=,Wno4Fw4xi304A9qcLrYhjSOjytA=
-30,-40,GnuSYsu6hTrzQW8Foq6P/98/shU=,/PGLKJTrM0DQBlHv08EIrqyvQTs=
-26,-39,GnuSYsu6hTrzQW8Foq6P/98/shU=,Wno4Fw4xi304A9qcLrYhjSOjytA=
-30,-39,GnuSYsu6hTrzQW8Foq6P/98/shU=,/PGLKJTrM0DQBlHv08EIrqyvQTs=
-29,-39,GnuSYsu6hTrzQW8Foq6P/98/shU=,/PGLKJTrM0DQBlHv08EIrqyvQTs=
-26,-40,GnuSYsu6hTrzQW8Foq6P/98/shU=,Wno4Fw4xi304A9qcLrYhjSOjytA=
-24,-39,GnuSYsu6hTrzQW8Foq6P/98/shU=,FLQBcaZbMRdwNgaohQGzEhRVhhE=
-26,-36,GnuSYsu6hTrzQW8Foq6P/98/shU=,LJTwTqyyNRKNEzc0nZycRsbCG2s=
-23,-39,GnuSYsu6hTrzQW8Foq6P/98/shU=,FLQBcaZbMRdwNgaohQGzEhRVhhE=
-28,-37,GnuSYsu6hTrzQW8Foq6P/98/shU=,Wno4Fw4xi304A9qcLrYhjSOjytA=
-27,-39,GnuSYsu6hTrzQW8Foq6P/98/shU=,Wno4Fw4xi304A9qcLrYhjSOjytA=
-28,-36,GnuSYsu6hTrzQW8Foq6P/98/shU=,LJTwTqyyNRKNEzc0nZycRsbCG2s=
-27,-37,GnuSYsu6hTrzQW8Foq6P/98/shU=,Wno4Fw4xi304A9qcLrYhjSOjytA=
-29,-35,GnuSYsu6hTrzQW8Foq6P/98/shU=,0oPz9IfqaK1l29gnr9A6LyyaqmM=
-28,-38,GnuSYsu6hTrzQW8Foq6P/98/shU=,Wno4Fw4xi304A9qcLrYhjSOjytA=
-27,-38,GnuSYsu6hTrzQW8Foq6P/98/shU=,Wno4Fw4xi304A9qcLrYhjSOjytA=
-30,-37,GnuSYsu6hTrzQW8Foq6P/98/shU=,/PGLKJTrM0DQBlHv08EIrqyvQTs=
-29,-37,GnuSYsu6hTrzQW8Foq6P/98/shU=,/PGLKJTrM0DQBlHv08EIrqyvQTs=
-30,-38,GnuSYsu6hTrzQW8Foq6P/98/shU=,/PGLKJTrM0DQBlHv08EIrqyvQTs=
-30,-35,GnuSYsu6hTrzQW8Foq6P/98/shU=,0oPz9IfqaK1l29gnr9A6LyyaqmM=
-29,-38,GnuSYsu6hTrzQW8Foq6P/98/shU=,/PGLKJTrM0DQBlHv08EIrqyvQTs=
-27,-35,GnuSYsu6hTrzQW8Foq6P/98/shU=,LJTwTqyyNRKNEzc0nZycRsbCG2s=
-28,-35,GnuSYsu6hTrzQW8Foq6P/98/shU=,LJTwTqyyNRKNEzc0nZycRsbCG2s=
-27,-36,GnuSYsu6hTrzQW8Foq6P/98/shU=,LJTwTqyyNRKNEzc0nZycRsbCG2s=
-30,-36,GnuSYsu6hTrzQW8Foq6P/98/shU=,0oPz9IfqaK1l29gnr9A6LyyaqmM=
-29,-36,GnuSYsu6hTrzQW8Foq6P/98/shU=,0oPz9IfqaK1l29gnr9A6LyyaqmM=
-32,-40,3oE9cSlBHTTiByyad1bKTqwpNCI=,/PGLKJTrM0DQBlHv08EIrqyvQTs=
-31,-40,3oE9cSlBHTTiByyad1bKTqwpNCI=,/PGLKJTrM0DQBlHv08EIrqyvQTs=
-31,-41,3oE9cSlBHTTiByyad1bKTqwpNCI=,CNZzkKzRmyZfRZablxH7bIssVWY=
-32,-41,3oE9cSlBHTTiByyad1bKTqwpNCI=,CNZzkKzRmyZfRZablxH7bIssVWY=
-31,-42,3oE9cSlBHTTiByyad1bKTqwpNCI=,CNZzkKzRmyZfRZablxH7bIssVWY=
-32,-42,3oE9cSlBHTTiByyad1bKTqwpNCI=,CNZzkKzRmyZfRZablxH7bIssVWY=
-31,-39,3oE9cSlBHTTiByyad1bKTqwpNCI=,/PGLKJTrM0DQBlHv08EIrqyvQTs=
-32,-39,3oE9cSlBHTTiByyad1bKTqwpNCI=,/PGLKJTrM0DQBlHv08EIrqyvQTs=
-29,-34,3oE9cSlBHTTiByyad1bKTqwpNCI=,0oPz9IfqaK1l29gnr9A6LyyaqmM=
-28,-33,3oE9cSlBHTTiByyad1bKTqwpNCI=,LJTwTqyyNRKNEzc0nZycRsbCG2s=
-30,-34,3oE9cSlBHTTiByyad1bKTqwpNCI=,0oPz9IfqaK1l29gnr9A6LyyaqmM=
-27,-34,3oE9cSlBHTTiByyad1bKTqwpNCI=,LJTwTqyyNRKNEzc0nZycRsbCG2s=
-27,-33,3oE9cSlBHTTiByyad1bKTqwpNCI=,LJTwTqyyNRKNEzc0nZycRsbCG2s=
-28,-34,3oE9cSlBHTTiByyad1bKTqwpNCI=,LJTwTqyyNRKNEzc0nZycRsbCG2s=
-30,-33,3oE9cSlBHTTiByyad1bKTqwpNCI=,0oPz9IfqaK1l29gnr9A6LyyaqmM=
-29,-33,3oE9cSlBHTTiByyad1bKTqwpNCI=,0oPz9IfqaK1l29gnr9A6LyyaqmM=
-32,-36,3oE9cSlBHTTiByyad1bKTqwpNCI=,0oPz9IfqaK1l29gnr9A6LyyaqmM=
-31,-38,3oE9cSlBHTTiByyad1bKTqwpNCI=,/PGLKJTrM0DQBlHv08EIrqyvQTs=
-32,-37,3oE9cSlBHTTiByyad1bKTqwpNCI=,/PGLKJTrM0DQBlHv08EIrqyvQTs=
-32,-38,3oE9cSlBHTTiByyad1bKTqwpNCI=,/PGLKJTrM0DQBlHv08EIrqyvQTs=
-31,-37,3oE9cSlBHTTiByyad1bKTqwpNCI=,/PGLKJTrM0DQBlHv08EIrqyvQTs=
-31,-36,3oE9cSlBHTTiByyad1bKTqwpNCI=,0oPz9IfqaK1l29gnr9A6LyyaqmM=
-31,-35,3oE9cSlBHTTiByyad1bKTqwpNCI=,0oPz9IfqaK1l29gnr9A6LyyaqmM=
-32,-35,3oE9cSlBHTTiByyad1bKTqwpNCI=,0oPz9IfqaK1l29gnr9A6LyyaqmM=
-25,-33,3oE9cSlBHTTiByyad1bKTqwpNCI=,LJTwTqyyNRKNEzc0nZycRsbCG2s=
-23,-33,3oE9cSlBHTTiByyad1bKTqwpNCI=,2B4In7j4sR90sz4oYbvrIgrPxMA=
-24,-33,3oE9cSlBHTTiByyad1bKTqwpNCI=,2B4In7j4sR90sz4oYbvrIgrPxMA=
-24,-34,3oE9cSlBHTTiByyad1bKTqwpNCI=,2B4In7j4sR90sz4oYbvrIgrPxMA=
-23,-34,3oE9cSlBHTTiByyad1bKTqwpNCI=,2B4In7j4sR90sz4oYbvrIgrPxMA=
-26,-34,3oE9cSlBHTTiByyad1bKTqwpNCI=,LJTwTqyyNRKNEzc0nZycRsbCG2s=
-26,-33,3oE9cSlBHTTiByyad1bKTqwpNCI=,LJTwTqyyNRKNEzc0nZycRsbCG2s=
-25,-34,3oE9cSlBHTTiByyad1bKTqwpNCI=,LJTwTqyyNRKNEzc0nZycRsbCG2s=
-20,-34,3oE9cSlBHTTiByyad1bKTqwpNCI=,e++SL2kTOmh8Or/xEf6omJDvZEw=
-19,-33,3oE9cSlBHTTiByyad1bKTqwpNCI=,e++SL2kTOmh8Or/xEf6omJDvZEw=
-20,-33,3oE9cSlBHTTiByyad1bKTqwpNCI=,e++SL2kTOmh8Or/xEf6omJDvZEw=
-19,-34,3oE9cSlBHTTiByyad1bKTqwpNCI=,e++SL2kTOmh8Or/xEf6omJDvZEw=
-21,-34,3oE9cSlBHTTiByyad1bKTqwpNCI=,2B4In7j4sR90sz4oYbvrIgrPxMA=
-22,-33,3oE9cSlBHTTiByyad1bKTqwpNCI=,2B4In7j4sR90sz4oYbvrIgrPxMA=
-22,-34,3oE9cSlBHTTiByyad1bKTqwpNCI=,2B4In7j4sR90sz4oYbvrIgrPxMA=
-21,-33,3oE9cSlBHTTiByyad1bKTqwpNCI=,2B4In7j4sR90sz4oYbvrIgrPxMA=
-26,-44,3oE9cSlBHTTiByyad1bKTqwpNCI=,qr5PuAniCh9vl0UCGXaoef9/KJc=
-25,-44,3oE9cSlBHTTiByyad1bKTqwpNCI=,qr5PuAniCh9vl0UCGXaoef9/KJc=
-25,-43,3oE9cSlBHTTiByyad1bKTqwpNCI=,qr5PuAniCh9vl0UCGXaoef9/KJc=
-26,-43,3oE9cSlBHTTiByyad1bKTqwpNCI=,qr5PuAniCh9vl0UCGXaoef9/KJc=
-23,-43,3oE9cSlBHTTiByyad1bKTqwpNCI=,rDdh8WSDX9YmBn0U4NkuxDRuG0w=
-24,-43,3oE9cSlBHTTiByyad1bKTqwpNCI=,rDdh8WSDX9YmBn0U4NkuxDRuG0w=
-23,-44,3oE9cSlBHTTiByyad1bKTqwpNCI=,rDdh8WSDX9YmBn0U4NkuxDRuG0w=
-24,-44,3oE9cSlBHTTiByyad1bKTqwpNCI=,rDdh8WSDX9YmBn0U4NkuxDRuG0w=
-20,-43,3oE9cSlBHTTiByyad1bKTqwpNCI=,VGx++Nna6pwW6GqjaiGWTmCIeIw=
-19,-43,3oE9cSlBHTTiByyad1bKTqwpNCI=,VGx++Nna6pwW6GqjaiGWTmCIeIw=
-21,-41,3oE9cSlBHTTiByyad1bKTqwpNCI=,rDdh8WSDX9YmBn0U4NkuxDRuG0w=
-22,-41,3oE9cSlBHTTiByyad1bKTqwpNCI=,rDdh8WSDX9YmBn0U4NkuxDRuG0w=
-21,-43,3oE9cSlBHTTiByyad1bKTqwpNCI=,rDdh8WSDX9YmBn0U4NkuxDRuG0w=
-22,-43,3oE9cSlBHTTiByyad1bKTqwpNCI=,rDdh8WSDX9YmBn0U4NkuxDRuG0w=
-21,-44,3oE9cSlBHTTiByyad1bKTqwpNCI=,rDdh8WSDX9YmBn0U4NkuxDRuG0w=
-17,-44,3oE9cSlBHTTiByyad1bKTqwpNCI=,VGx++Nna6pwW6GqjaiGWTmCIeIw=
-22,-44,3oE9cSlBHTTiByyad1bKTqwpNCI=,rDdh8WSDX9YmBn0U4NkuxDRuG0w=
-18,-44,3oE9cSlBHTTiByyad1bKTqwpNCI=,VGx++Nna6pwW6GqjaiGWTmCIeIw=
-19,-42,3oE9cSlBHTTiByyad1bKTqwpNCI=,VGx++Nna6pwW6GqjaiGWTmCIeIw=
-20,-42,3oE9cSlBHTTiByyad1bKTqwpNCI=,VGx++Nna6pwW6GqjaiGWTmCIeIw=
-20,-44,3oE9cSlBHTTiByyad1bKTqwpNCI=,VGx++Nna6pwW6GqjaiGWTmCIeIw=
-19,-44,3oE9cSlBHTTiByyad1bKTqwpNCI=,VGx++Nna6pwW6GqjaiGWTmCIeIw=
-21,-42,3oE9cSlBHTTiByyad1bKTqwpNCI=,rDdh8WSDX9YmBn0U4NkuxDRuG0w=
-19,-41,3oE9cSlBHTTiByyad1bKTqwpNCI=,VGx++Nna6pwW6GqjaiGWTmCIeIw=
-22,-42,3oE9cSlBHTTiByyad1bKTqwpNCI=,rDdh8WSDX9YmBn0U4NkuxDRuG0w=
-20,-41,3oE9cSlBHTTiByyad1bKTqwpNCI=,VGx++Nna6pwW6GqjaiGWTmCIeIw=
-17,-43,3oE9cSlBHTTiByyad1bKTqwpNCI=,VGx++Nna6pwW6GqjaiGWTmCIeIw=
-18,-43,3oE9cSlBHTTiByyad1bKTqwpNCI=,VGx++Nna6pwW6GqjaiGWTmCIeIw=
-19,-40,3oE9cSlBHTTiByyad1bKTqwpNCI=,KBZRk3a2470Iqsjk5sYHcq0b2TQ=
-20,-40,3oE9cSlBHTTiByyad1bKTqwpNCI=,KBZRk3a2470Iqsjk5sYHcq0b2TQ=
-17,-42,3oE9cSlBHTTiByyad1bKTqwpNCI=,VGx++Nna6pwW6GqjaiGWTmCIeIw=
-18,-42,3oE9cSlBHTTiByyad1bKTqwpNCI=,VGx++Nna6pwW6GqjaiGWTmCIeIw=
-21,-40,3oE9cSlBHTTiByyad1bKTqwpNCI=,FLQBcaZbMRdwNgaohQGzEhRVhhE=
-18,-41,3oE9cSlBHTTiByyad1bKTqwpNCI=,VGx++Nna6pwW6GqjaiGWTmCIeIw=
-17,-41,3oE9cSlBHTTiByyad1bKTqwpNCI=,VGx++Nna6pwW6GqjaiGWTmCIeIw=
-21,-39,3oE9cSlBHTTiByyad1bKTqwpNCI=,FLQBcaZbMRdwNgaohQGzEhRVhhE=
-17,-40,3oE9cSlBHTTiByyad1bKTqwpNCI=,KBZRk3a2470Iqsjk5sYHcq0b2TQ=
-20,-39,3oE9cSlBHTTiByyad1bKTqwpNCI=,KBZRk3a2470Iqsjk5sYHcq0b2TQ=
-18,-40,3oE9cSlBHTTiByyad1bKTqwpNCI=,KBZRk3a2470Iqsjk5sYHcq0b2TQ=
-17,-36,3oE9cSlBHTTiByyad1bKTqwpNCI=,e++SL2kTOmh8Or/xEf6omJDvZEw=
-17,-38,3oE9cSlBHTTiByyad1bKTqwpNCI=,KBZRk3a2470Iqsjk5sYHcq0b2TQ=
-17,-35,3oE9cSlBHTTiByyad1bKTqwpNCI=,e++SL2kTOmh8Or/xEf6omJDvZEw=
-18,-36,3oE9cSlBHTTiByyad1bKTqwpNCI=,e++SL2kTOmh8Or/xEf6omJDvZEw=
-18,-39,3oE9cSlBHTTiByyad1bKTqwpNCI=,KBZRk3a2470Iqsjk5sYHcq0b2TQ=
-17,-37,3oE9cSlBHTTiByyad1bKTqwpNCI=,KBZRk3a2470Iqsjk5sYHcq0b2TQ=
-19,-39,3oE9cSlBHTTiByyad1bKTqwpNCI=,KBZRk3a2470Iqsjk5sYHcq0b2TQ=
-22,-40,3oE9cSlBHTTiByyad1bKTqwpNCI=,FLQBcaZbMRdwNgaohQGzEhRVhhE=
-17,-33,3oE9cSlBHTTiByyad1bKTqwpNCI=,e++SL2kTOmh8Or/xEf6omJDvZEw=
-18,-37,3oE9cSlBHTTiByyad1bKTqwpNCI=,KBZRk3a2470Iqsjk5sYHcq0b2TQ=
-18,-35,3oE9cSlBHTTiByyad1bKTqwpNCI=,e++SL2kTOmh8Or/xEf6omJDvZEw=
-22,-39,3oE9cSlBHTTiByyad1bKTqwpNCI=,FLQBcaZbMRdwNgaohQGzEhRVhhE=
-18,-34,3oE9cSlBHTTiByyad1bKTqwpNCI=,e++SL2kTOmh8Or/xEf6omJDvZEw=
-18,-33,3oE9cSlBHTTiByyad1bKTqwpNCI=,e++SL2kTOmh8Or/xEf6omJDvZEw=
-18,-38,3oE9cSlBHTTiByyad1bKTqwpNCI=,KBZRk3a2470Iqsjk5sYHcq0b2TQ=
-17,-34,3oE9cSlBHTTiByyad1bKTqwpNCI=,e++SL2kTOmh8Or/xEf6omJDvZEw=
-17,-39,3oE9cSlBHTTiByyad1bKTqwpNCI=,KBZRk3a2470Iqsjk5sYHcq0b2TQ=
-31,-33,3oE9cSlBHTTiByyad1bKTqwpNCI=,0oPz9IfqaK1l29gnr9A6LyyaqmM=
-32,-33,3oE9cSlBHTTiByyad1bKTqwpNCI=,0oPz9IfqaK1l29gnr9A6LyyaqmM=
-31,-34,3oE9cSlBHTTiByyad1bKTqwpNCI=,0oPz9IfqaK1l29gnr9A6LyyaqmM=
-32,-34,3oE9cSlBHTTiByyad1bKTqwpNCI=,0oPz9IfqaK1l29gnr9A6LyyaqmM=
-29,-43,3oE9cSlBHTTiByyad1bKTqwpNCI=,CNZzkKzRmyZfRZablxH7bIssVWY=
-30,-43,3oE9cSlBHTTiByyad1bKTqwpNCI=,CNZzkKzRmyZfRZablxH7bIssVWY=
-27,-44,3oE9cSlBHTTiByyad1bKTqwpNCI=,qr5PuAniCh9vl0UCGXaoef9/KJc=
-29,-44,3oE9cSlBHTTiByyad1bKTqwpNCI=,CNZzkKzRmyZfRZablxH7bIssVWY=
-28,-44,3oE9cSlBHTTiByyad1bKTqwpNCI=,qr5PuAniCh9vl0UCGXaoef9/KJc=
-30,-44,3oE9cSlBHTTiByyad1bKTqwpNCI=,CNZzkKzRmyZfRZablxH7bIssVWY=
-27,-43,3oE9cSlBHTTiByyad1bKTqwpNCI=,qr5PuAniCh9vl0UCGXaoef9/KJc=
-31,-44,3oE9cSlBHTTiByyad1bKTqwpNCI=,CNZzkKzRmyZfRZablxH7bIssVWY=
-28,-43,3oE9cSlBHTTiByyad1bKTqwpNCI=,qr5PuAniCh9vl0UCGXaoef9/KJc=
-32,-44,3oE9cSlBHTTiByyad1bKTqwpNCI=,CNZzkKzRmyZfRZablxH7bIssVWY=
-31,-43,3oE9cSlBHTTiByyad1bKTqwpNCI=,CNZzkKzRmyZfRZablxH7bIssVWY=
-32,-43,3oE9cSlBHTTiByyad1bKTqwpNCI=,CNZzkKzRmyZfRZablxH7bIssVWY=
