40,8,Ayfo0LuZGhNpf/bzs4I5LutZAhY=,4/ONQY8q77l4FOSkXwcDJ8b1KtU=
41,8,Ayfo0LuZGhNpf/bzs4I5LutZAhY=,4/ONQY8q77l4FOSkXwcDJ8b1KtU=
38,8,Ayfo0LuZGhNpf/bzs4I5LutZAhY=,Gs7jjBCITox22wM+PohG2oqtCoM=
39,8,Ayfo0LuZGhNpf/bzs4I5LutZAhY=,Gs7jjBCITox22wM+PohG2oqtCoM=
38,6,Ayfo0LuZGhNpf/bzs4I5LutZAhY=,vAj8rrEOH9ZYOrELMjQVLoR4rqo=
39,6,Ayfo0LuZGhNpf/bzs4I5LutZAhY=,vAj8rrEOH9ZYOrELMjQVLoR4rqo=
40,9,Ayfo0LuZGhNpf/bzs4I5LutZAhY=,4/ONQY8q77l4FOSkXwcDJ8b1KtU=
41,9,Ayfo0LuZGhNpf/bzs4I5LutZAhY=,4/ONQY8q77l4FOSkXwcDJ8b1KtU=
38,9,Ayfo0LuZGhNpf/bzs4I5LutZAhY=,Gs7jjBCITox22wM+PohG2oqtCoM=
39,9,Ayfo0LuZGhNpf/bzs4I5LutZAhY=,Gs7jjBCITox22wM+PohG2oqtCoM=
36,8,Ayfo0LuZGhNpf/bzs4I5LutZAhY=,Gs7jjBCITox22wM+PohG2oqtCoM=
38,7,Ayfo0LuZGhNpf/bzs4I5LutZAhY=,vAj8rrEOH9ZYOrELMjQVLoR4rqo=
39,7,Ayfo0LuZGhNpf/bzs4I5LutZAhY=,vAj8rrEOH9ZYOrELMjQVLoR4rqo=
40,6,Ayfo0LuZGhNpf/bzs4I5LutZAhY=,x6c8f9RIRo0BsZe4OWA1K8t5e+I=
41,6,Ayfo0LuZGhNpf/bzs4I5LutZAhY=,x6c8f9RIRo0BsZe4OWA1K8t5e+I=
40,7,Ayfo0LuZGhNpf/bzs4I5LutZAhY=,x6c8f9RIRo0BsZe4OWA1K8t5e+I=
41,7,Ayfo0LuZGhNpf/bzs4I5LutZAhY=,x6c8f9RIRo0BsZe4OWA1K8t5e+I=
36,6,Ayfo0LuZGhNpf/bzs4I5LutZAhY=,vAj8rrEOH9ZYOrELMjQVLoR4rqo=
37,6,hcmuxo0lFkTIyljsCL0Pi1LuBuY=,vAj8rrEOH9ZYOrELMjQVLoR4rqo=
37,8,hcmuxo0lFkTIyljsCL0Pi1LuBuY=,Gs7jjBCITox22wM+PohG2oqtCoM=
36,9,hcmuxo0lFkTIyljsCL0Pi1LuBuY=,Gs7jjBCITox22wM+PohG2oqtCoM=
37,9,hcmuxo0lFkTIyljsCL0Pi1LuBuY=,Gs7jjBCITox22wM+PohG2oqtCoM=
37,7,hcmuxo0lFkTIyljsCL0Pi1LuBuY=,vAj8rrEOH9ZYOrELMjQVLoR4rqo=
36,7,hcmuxo0lFkTIyljsCL0Pi1LuBuY=,vAj8rrEOH9ZYOrELMjQVLoR4rqo=
35,8,hcmuxo0lFkTIyljsCL0Pi1LuBuY=,opbfTqSZQbHUljeu2CqSGPSa480=
34,9,hcmuxo0lFkTIyljsCL0Pi1LuBuY=,opbfTqSZQbHUljeu2CqSGPSa480=
34,8,hcmuxo0lFkTIyljsCL0Pi1LuBuY=,opbfTqSZQbHUljeu2CqSGPSa480=
35,7,hcmuxo0lFkTIyljsCL0Pi1LuBuY=,jesBGVElbphE/XbN7DYhfeOW1b0=
35,9,hcmuxo0lFkTIyljsCL0Pi1LuBuY=,opbfTqSZQbHUljeu2CqSGPSa480=
34,6,hcmuxo0lFkTIyljsCL0Pi1LuBuY=,jesBGVElbphE/XbN7DYhfeOW1b0=
35,6,hcmuxo0lFkTIyljsCL0Pi1LuBuY=,jesBGVElbphE/XbN7DYhfeOW1b0=
34,7,hcmuxo0lFkTIyljsCL0Pi1LuBuY=,jesBGVElbphE/XbN7DYhfeOW1b0=
32,7,t+sGu32mkfJI1/8uKlTxILH6doU=,jesBGVElbphE/XbN7DYhfeOW1b0=
33,7,t+sGu32mkfJI1/8uKlTxILH6doU=,jesBGVElbphE/XbN7DYhfeOW1b0=
32,9,t+sGu32mkfJI1/8uKlTxILH6doU=,opbfTqSZQbHUljeu2CqSGPSa480=
33,9,t+sGu32mkfJI1/8uKlTxILH6doU=,opbfTqSZQbHUljeu2CqSGPSa480=
33,8,t+sGu32mkfJI1/8uKlTxILH6doU=,opbfTqSZQbHUljeu2CqSGPSa480=
32,8,t+sGu32mkfJI1/8uKlTxILH6doU=,opbfTqSZQbHUljeu2CqSGPSa480=
33,6,t+sGu32mkfJI1/8uKlTxILH6doU=,jesBGVElbphE/XbN7DYhfeOW1b0=
32,6,t+sGu32mkfJI1/8uKlTxILH6doU=,jesBGVElbphE/XbN7DYhfeOW1b0=
32,11,t+sGu32mkfJI1/8uKlTxILH6doU=,opbfTqSZQbHUljeu2CqSGPSa480=
40,12,t+sGu32mkfJI1/8uKlTxILH6doU=,GI8Xek6DDNnX6pEup2HhwVcQM4k=
41,12,t+sGu32mkfJI1/8uKlTxILH6doU=,GI8Xek6DDNnX6pEup2HhwVcQM4k=
32,10,t+sGu32mkfJI1/8uKlTxILH6doU=,opbfTqSZQbHUljeu2CqSGPSa480=
33,10,t+sGu32mkfJI1/8uKlTxILH6doU=,opbfTqSZQbHUljeu2CqSGPSa480=
32,12,t+sGu32mkfJI1/8uKlTxILH6doU=,jzhY6VV/IggD/5gt0d5vrK7x0LE=
33,13,t+sGu32mkfJI1/8uKlTxILH6doU=,jzhY6VV/IggD/5gt0d5vrK7x0LE=
36,12,t+sGu32mkfJI1/8uKlTxILH6doU=,pGfnRXPeyunvTD8KppcIlcT0k3I=
32,13,t+sGu32mkfJI1/8uKlTxILH6doU=,jzhY6VV/IggD/5gt0d5vrK7x0LE=
33,11,t+sGu32mkfJI1/8uKlTxILH6doU=,opbfTqSZQbHUljeu2CqSGPSa480=
33,12,t+sGu32mkfJI1/8uKlTxILH6doU=,jzhY6VV/IggD/5gt0d5vrK7x0LE=
37,12,t+sGu32mkfJI1/8uKlTxILH6doU=,pGfnRXPeyunvTD8KppcIlcT0k3I=
34,15,t+sGu32mkfJI1/8uKlTxILH6doU=,jzhY6VV/IggD/5gt0d5vrK7x0LE=
35,15,t+sGu32mkfJI1/8uKlTxILH6doU=,jzhY6VV/IggD/5gt0d5vrK7x0LE=
34,11,t+sGu32mkfJI1/8uKlTxILH6doU=,opbfTqSZQbHUljeu2CqSGPSa480=
38,12,t+sGu32mkfJI1/8uKlTxILH6doU=,pGfnRXPeyunvTD8KppcIlcT0k3I=
39,12,t+sGu32mkfJI1/8uKlTxILH6doU=,pGfnRXPeyunvTD8KppcIlcT0k3I=
36,13,t+sGu32mkfJI1/8uKlTxILH6doU=,pGfnRXPeyunvTD8KppcIlcT0k3I=
37,13,t+sGu32mkfJI1/8uKlTxILH6doU=,pGfnRXPeyunvTD8KppcIlcT0k3I=
35,11,t+sGu32mkfJI1/8uKlTxILH6doU=,opbfTqSZQbHUljeu2CqSGPSa480=
40,13,t+sGu32mkfJI1/8uKlTxILH6doU=,GI8Xek6DDNnX6pEup2HhwVcQM4k=
41,13,t+sGu32mkfJI1/8uKlTxILH6doU=,GI8Xek6DDNnX6pEup2HhwVcQM4k=
38,13,t+sGu32mkfJI1/8uKlTxILH6doU=,pGfnRXPeyunvTD8KppcIlcT0k3I=
39,13,t+sGu32mkfJI1/8uKlTxILH6doU=,pGfnRXPeyunvTD8KppcIlcT0k3I=
34,12,t+sGu32mkfJI1/8uKlTxILH6doU=,jzhY6VV/IggD/5gt0d5vrK7x0LE=
35,12,t+sGu32mkfJI1/8uKlTxILH6doU=,jzhY6VV/IggD/5gt0d5vrK7x0LE=
36,14,t+sGu32mkfJI1/8uKlTxILH6doU=,pGfnRXPeyunvTD8KppcIlcT0k3I=
37,14,t+sGu32mkfJI1/8uKlTxILH6doU=,pGfnRXPeyunvTD8KppcIlcT0k3I=
41,11,t+sGu32mkfJI1/8uKlTxILH6doU=,4/ONQY8q77l4FOSkXwcDJ8b1KtU=
36,10,t+sGu32mkfJI1/8uKlTxILH6doU=,Gs7jjBCITox22wM+PohG2oqtCoM=
35,10,t+sGu32mkfJI1/8uKlTxILH6doU=,opbfTqSZQbHUljeu2CqSGPSa480=
37,10,t+sGu32mkfJI1/8uKlTxILH6doU=,Gs7jjBCITox22wM+PohG2oqtCoM=
40,10,t+sGu32mkfJI1/8uKlTxILH6doU=,4/ONQY8q77l4FOSkXwcDJ8b1KtU=
40,14,t+sGu32mkfJI1/8uKlTxILH6doU=,GI8Xek6DDNnX6pEup2HhwVcQM4k=
41,10,t+sGu32mkfJI1/8uKlTxILH6doU=,4/ONQY8q77l4FOSkXwcDJ8b1KtU=
35,14,t+sGu32mkfJI1/8uKlTxILH6doU=,jzhY6VV/IggD/5gt0d5vrK7x0LE=
41,14,t+sGu32mkfJI1/8uKlTxILH6doU=,GI8Xek6DDNnX6pEup2HhwVcQM4k=
38,10,t+sGu32mkfJI1/8uKlTxILH6doU=,Gs7jjBCITox22wM+PohG2oqtCoM=
39,10,t+sGu32mkfJI1/8uKlTxILH6doU=,Gs7jjBCITox22wM+PohG2oqtCoM=
34,13,t+sGu32mkfJI1/8uKlTxILH6doU=,jzhY6VV/IggD/5gt0d5vrK7x0LE=
35,13,t+sGu32mkfJI1/8uKlTxILH6doU=,jzhY6VV/IggD/5gt0d5vrK7x0LE=
38,14,t+sGu32mkfJI1/8uKlTxILH6doU=,pGfnRXPeyunvTD8KppcIlcT0k3I=
39,14,t+sGu32mkfJI1/8uKlTxILH6doU=,pGfnRXPeyunvTD8KppcIlcT0k3I=
40,11,t+sGu32mkfJI1/8uKlTxILH6doU=,4/ONQY8q77l4FOSkXwcDJ8b1KtU=
41,15,t+sGu32mkfJI1/8uKlTxILH6doU=,GI8Xek6DDNnX6pEup2HhwVcQM4k=
36,11,t+sGu32mkfJI1/8uKlTxILH6doU=,Gs7jjBCITox22wM+PohG2oqtCoM=
39,15,t+sGu32mkfJI1/8uKlTxILH6doU=,pGfnRXPeyunvTD8KppcIlcT0k3I=
34,10,t+sGu32mkfJI1/8uKlTxILH6doU=,opbfTqSZQbHUljeu2CqSGPSa480=
34,14,t+sGu32mkfJI1/8uKlTxILH6doU=,jzhY6VV/IggD/5gt0d5vrK7x0LE=
37,15,t+sGu32mkfJI1/8uKlTxILH6doU=,pGfnRXPeyunvTD8KppcIlcT0k3I=
37,11,t+sGu32mkfJI1/8uKlTxILH6doU=,Gs7jjBCITox22wM+PohG2oqtCoM=
40,15,t+sGu32mkfJI1/8uKlTxILH6doU=,GI8Xek6DDNnX6pEup2HhwVcQM4k=
39,11,t+sGu32mkfJI1/8uKlTxILH6doU=,Gs7jjBCITox22wM+PohG2oqtCoM=
38,15,t+sGu32mkfJI1/8uKlTxILH6doU=,pGfnRXPeyunvTD8KppcIlcT0k3I=
36,15,t+sGu32mkfJI1/8uKlTxILH6doU=,pGfnRXPeyunvTD8KppcIlcT0k3I=
38,11,/er3GP1XXGi0tcfqLMB2y5aoiDo=,Gs7jjBCITox22wM+PohG2oqtCoM=
42,4,/er3GP1XXGi0tcfqLMB2y5aoiDo=,x6c8f9RIRo0BsZe4OWA1K8t5e+I=
43,4,/er3GP1XXGi0tcfqLMB2y5aoiDo=,x6c8f9RIRo0BsZe4OWA1K8t5e+I=
42,5,/er3GP1XXGi0tcfqLMB2y5aoiDo=,x6c8f9RIRo0BsZe4OWA1K8t5e+I=
43,5,/er3GP1XXGi0tcfqLMB2y5aoiDo=,x6c8f9RIRo0BsZe4OWA1K8t5e+I=
42,2,/er3GP1XXGi0tcfqLMB2y5aoiDo=,+MWFvun/DJMg/NxOOhRD/mPka1g=
43,2,/er3GP1XXGi0tcfqLMB2y5aoiDo=,+MWFvun/DJMg/NxOOhRD/mPka1g=
42,3,/er3GP1XXGi0tcfqLMB2y5aoiDo=,+MWFvun/DJMg/NxOOhRD/mPka1g=
43,3,/er3GP1XXGi0tcfqLMB2y5aoiDo=,+MWFvun/DJMg/NxOOhRD/mPka1g=
42,8,/er3GP1XXGi0tcfqLMB2y5aoiDo=,4/ONQY8q77l4FOSkXwcDJ8b1KtU=
43,8,/er3GP1XXGi0tcfqLMB2y5aoiDo=,4/ONQY8q77l4FOSkXwcDJ8b1KtU=
42,9,/er3GP1XXGi0tcfqLMB2y5aoiDo=,4/ONQY8q77l4FOSkXwcDJ8b1KtU=
43,9,/er3GP1XXGi0tcfqLMB2y5aoiDo=,4/ONQY8q77l4FOSkXwcDJ8b1KtU=
32,2,/er3GP1XXGi0tcfqLMB2y5aoiDo=,qbDFJb5hAVLqIow5CmqP5nbPI6Y=
42,6,/er3GP1XXGi0tcfqLMB2y5aoiDo=,x6c8f9RIRo0BsZe4OWA1K8t5e+I=
43,6,/er3GP1XXGi0tcfqLMB2y5aoiDo=,x6c8f9RIRo0BsZe4OWA1K8t5e+I=
42,7,/er3GP1XXGi0tcfqLMB2y5aoiDo=,x6c8f9RIRo0BsZe4OWA1K8t5e+I=
43,7,/er3GP1XXGi0tcfqLMB2y5aoiDo=,x6c8f9RIRo0BsZe4OWA1K8t5e+I=
42,12,/er3GP1XXGi0tcfqLMB2y5aoiDo=,GI8Xek6DDNnX6pEup2HhwVcQM4k=
43,12,/er3GP1XXGi0tcfqLMB2y5aoiDo=,GI8Xek6DDNnX6pEup2HhwVcQM4k=
42,13,/er3GP1XXGi0tcfqLMB2y5aoiDo=,GI8Xek6DDNnX6pEup2HhwVcQM4k=
43,13,/er3GP1XXGi0tcfqLMB2y5aoiDo=,GI8Xek6DDNnX6pEup2HhwVcQM4k=
42,10,/er3GP1XXGi0tcfqLMB2y5aoiDo=,4/ONQY8q77l4FOSkXwcDJ8b1KtU=
43,10,/er3GP1XXGi0tcfqLMB2y5aoiDo=,4/ONQY8q77l4FOSkXwcDJ8b1KtU=
42,11,/er3GP1XXGi0tcfqLMB2y5aoiDo=,4/ONQY8q77l4FOSkXwcDJ8b1KtU=
43,11,/er3GP1XXGi0tcfqLMB2y5aoiDo=,4/ONQY8q77l4FOSkXwcDJ8b1KtU=
42,14,/er3GP1XXGi0tcfqLMB2y5aoiDo=,GI8Xek6DDNnX6pEup2HhwVcQM4k=
43,14,/er3GP1XXGi0tcfqLMB2y5aoiDo=,GI8Xek6DDNnX6pEup2HhwVcQM4k=
42,15,/er3GP1XXGi0tcfqLMB2y5aoiDo=,GI8Xek6DDNnX6pEup2HhwVcQM4k=
43,15,/er3GP1XXGi0tcfqLMB2y5aoiDo=,GI8Xek6DDNnX6pEup2HhwVcQM4k=
33,2,/er3GP1XXGi0tcfqLMB2y5aoiDo=,qbDFJb5hAVLqIow5CmqP5nbPI6Y=
33,5,/er3GP1XXGi0tcfqLMB2y5aoiDo=,jesBGVElbphE/XbN7DYhfeOW1b0=
32,5,/er3GP1XXGi0tcfqLMB2y5aoiDo=,jesBGVElbphE/XbN7DYhfeOW1b0=
33,4,/er3GP1XXGi0tcfqLMB2y5aoiDo=,jesBGVElbphE/XbN7DYhfeOW1b0=
32,3,/er3GP1XXGi0tcfqLMB2y5aoiDo=,qbDFJb5hAVLqIow5CmqP5nbPI6Y=
32,0,/er3GP1XXGi0tcfqLMB2y5aoiDo=,qbDFJb5hAVLqIow5CmqP5nbPI6Y=
32,4,/er3GP1XXGi0tcfqLMB2y5aoiDo=,jesBGVElbphE/XbN7DYhfeOW1b0=
33,3,/er3GP1XXGi0tcfqLMB2y5aoiDo=,qbDFJb5hAVLqIow5CmqP5nbPI6Y=
42,0,/er3GP1XXGi0tcfqLMB2y5aoiDo=,+MWFvun/DJMg/NxOOhRD/mPka1g=
33,0,/er3GP1XXGi0tcfqLMB2y5aoiDo=,qbDFJb5hAVLqIow5CmqP5nbPI6Y=
32,1,/er3GP1XXGi0tcfqLMB2y5aoiDo=,qbDFJb5hAVLqIow5CmqP5nbPI6Y=
43,0,/er3GP1XXGi0tcfqLMB2y5aoiDo=,+MWFvun/DJMg/NxOOhRD/mPka1g=
33,1,/er3GP1XXGi0tcfqLMB2y5aoiDo=,qbDFJb5hAVLqIow5CmqP5nbPI6Y=
42,1,/er3GP1XXGi0tcfqLMB2y5aoiDo=,+MWFvun/DJMg/NxOOhRD/mPka1g=
43,1,/er3GP1XXGi0tcfqLMB2y5aoiDo=,+MWFvun/DJMg/NxOOhRD/mPka1g=
32,15,/er3GP1XXGi0tcfqLMB2y5aoiDo=,jzhY6VV/IggD/5gt0d5vrK7x0LE=
33,14,/er3GP1XXGi0tcfqLMB2y5aoiDo=,jzhY6VV/IggD/5gt0d5vrK7x0LE=
33,15,/er3GP1XXGi0tcfqLMB2y5aoiDo=,jzhY6VV/IggD/5gt0d5vrK7x0LE=
32,14,/er3GP1XXGi0tcfqLMB2y5aoiDo=,jzhY6VV/IggD/5gt0d5vrK7x0LE=
41,3,/er3GP1XXGi0tcfqLMB2y5aoiDo=,+MWFvun/DJMg/NxOOhRD/mPka1g=
40,3,/er3GP1XXGi0tcfqLMB2y5aoiDo=,+MWFvun/DJMg/NxOOhRD/mPka1g=
39,1,/er3GP1XXGi0tcfqLMB2y5aoiDo=,EBk2fG1wa6f0snFvpGa7VCQI6Dw=
41,2,/er3GP1XXGi0tcfqLMB2y5aoiDo=,+MWFvun/DJMg/NxOOhRD/mPka1g=
39,3,/er3GP1XXGi0tcfqLMB2y5aoiDo=,EBk2fG1wa6f0snFvpGa7VCQI6Dw=
35,5,/er3GP1XXGi0tcfqLMB2y5aoiDo=,jesBGVElbphE/XbN7DYhfeOW1b0=
40,2,/er3GP1XXGi0tcfqLMB2y5aoiDo=,+MWFvun/DJMg/NxOOhRD/mPka1g=
39,5,/er3GP1XXGi0tcfqLMB2y5aoiDo=,vAj8rrEOH9ZYOrELMjQVLoR4rqo=
38,1,/er3GP1XXGi0tcfqLMB2y5aoiDo=,EBk2fG1wa6f0snFvpGa7VCQI6Dw=
38,3,/er3GP1XXGi0tcfqLMB2y5aoiDo=,EBk2fG1wa6f0snFvpGa7VCQI6Dw=
41,5,/er3GP1XXGi0tcfqLMB2y5aoiDo=,x6c8f9RIRo0BsZe4OWA1K8t5e+I=
40,5,/er3GP1XXGi0tcfqLMB2y5aoiDo=,x6c8f9RIRo0BsZe4OWA1K8t5e+I=
34,5,/er3GP1XXGi0tcfqLMB2y5aoiDo=,jesBGVElbphE/XbN7DYhfeOW1b0=
34,4,/er3GP1XXGi0tcfqLMB2y5aoiDo=,jesBGVElbphE/XbN7DYhfeOW1b0=
35,1,/er3GP1XXGi0tcfqLMB2y5aoiDo=,qbDFJb5hAVLqIow5CmqP5nbPI6Y=
36,1,/er3GP1XXGi0tcfqLMB2y5aoiDo=,EBk2fG1wa6f0snFvpGa7VCQI6Dw=
36,2,/er3GP1XXGi0tcfqLMB2y5aoiDo=,EBk2fG1wa6f0snFvpGa7VCQI6Dw=
34,1,/er3GP1XXGi0tcfqLMB2y5aoiDo=,qbDFJb5hAVLqIow5CmqP5nbPI6Y=
38,5,/er3GP1XXGi0tcfqLMB2y5aoiDo=,vAj8rrEOH9ZYOrELMjQVLoR4rqo=
35,0,/er3GP1XXGi0tcfqLMB2y5aoiDo=,qbDFJb5hAVLqIow5CmqP5nbPI6Y=
34,0,/er3GP1XXGi0tcfqLMB2y5aoiDo=,qbDFJb5hAVLqIow5CmqP5nbPI6Y=
37,5,/er3GP1XXGi0tcfqLMB2y5aoiDo=,vAj8rrEOH9ZYOrELMjQVLoR4rqo=
35,4,/er3GP1XXGi0tcfqLMB2y5aoiDo=,jesBGVElbphE/XbN7DYhfeOW1b0=
39,4,/er3GP1XXGi0tcfqLMB2y5aoiDo=,vAj8rrEOH9ZYOrELMjQVLoR4rqo=
41,1,/er3GP1XXGi0tcfqLMB2y5aoiDo=,+MWFvun/DJMg/NxOOhRD/mPka1g=
41,4,/er3GP1XXGi0tcfqLMB2y5aoiDo=,x6c8f9RIRo0BsZe4OWA1K8t5e+I=
40,1,/er3GP1XXGi0tcfqLMB2y5aoiDo=,+MWFvun/DJMg/NxOOhRD/mPka1g=
39,2,/er3GP1XXGi0tcfqLMB2y5aoiDo=,EBk2fG1wa6f0snFvpGa7VCQI6Dw=
36,5,/er3GP1XXGi0tcfqLMB2y5aoiDo=,vAj8rrEOH9ZYOrELMjQVLoR4rqo=
40,4,/er3GP1XXGi0tcfqLMB2y5aoiDo=,x6c8f9RIRo0BsZe4OWA1K8t5e+I=
41,0,/er3GP1XXGi0tcfqLMB2y5aoiDo=,+MWFvun/DJMg/NxOOhRD/mPka1g=
40,0,/er3GP1XXGi0tcfqLMB2y5aoiDo=,+MWFvun/DJMg/NxOOhRD/mPka1g=
39,0,/er3GP1XXGi0tcfqLMB2y5aoiDo=,EBk2fG1wa6f0snFvpGa7VCQI6Dw=
37,1,/er3GP1XXGi0tcfqLMB2y5aoiDo=,EBk2fG1wa6f0snFvpGa7VCQI6Dw=
37,3,/er3GP1XXGi0tcfqLMB2y5aoiDo=,EBk2fG1wa6f0snFvpGa7VCQI6Dw=
38,4,/er3GP1XXGi0tcfqLMB2y5aoiDo=,vAj8rrEOH9ZYOrELMjQVLoR4rqo=
34,2,/er3GP1XXGi0tcfqLMB2y5aoiDo=,qbDFJb5hAVLqIow5CmqP5nbPI6Y=
36,3,/er3GP1XXGi0tcfqLMB2y5aoiDo=,EBk2fG1wa6f0snFvpGa7VCQI6Dw=
34,3,/er3GP1XXGi0tcfqLMB2y5aoiDo=,qbDFJb5hAVLqIow5CmqP5nbPI6Y=
35,3,/er3GP1XXGi0tcfqLMB2y5aoiDo=,qbDFJb5hAVLqIow5CmqP5nbPI6Y=
35,2,/er3GP1XXGi0tcfqLMB2y5aoiDo=,qbDFJb5hAVLqIow5CmqP5nbPI6Y=
38,2,/er3GP1XXGi0tcfqLMB2y5aoiDo=,EBk2fG1wa6f0snFvpGa7VCQI6Dw=
37,2,/er3GP1XXGi0tcfqLMB2y5aoiDo=,EBk2fG1wa6f0snFvpGa7VCQI6Dw=
37,0,/er3GP1XXGi0tcfqLMB2y5aoiDo=,EBk2fG1wa6f0snFvpGa7VCQI6Dw=
37,4,/er3GP1XXGi0tcfqLMB2y5aoiDo=,vAj8rrEOH9ZYOrELMjQVLoR4rqo=
38,0,/er3GP1XXGi0tcfqLMB2y5aoiDo=,EBk2fG1wa6f0snFvpGa7VCQI6Dw=
36,0,/er3GP1XXGi0tcfqLMB2y5aoiDo=,EBk2fG1wa6f0snFvpGa7VCQI6Dw=
36,4,/er3GP1XXGi0tcfqLMB2y5aoiDo=,vAj8rrEOH9ZYOrELMjQVLoR4rqo=
39,23,53cuXnx2ur277JWNSfe98Z/CEz8=,7BV8K1+VK9baahZr1ZMbjoRVpP4=
39,25,53cuXnx2ur277JWNSfe98Z/CEz8=,/GPvsXzkfZDeEY/JOMx4v+l8q48=
38,25,53cuXnx2ur277JWNSfe98Z/CEz8=,/GPvsXzkfZDeEY/JOMx4v+l8q48=
38,23,53cuXnx2ur277JWNSfe98Z/CEz8=,7BV8K1+VK9baahZr1ZMbjoRVpP4=
36,25,53cuXnx2ur277JWNSfe98Z/CEz8=,/GPvsXzkfZDeEY/JOMx4v+l8q48=
34,25,53cuXnx2ur277JWNSfe98Z/CEz8=,2tdT149QS/CZdkGqUbwhvBa+mZo=
41,23,53cuXnx2ur277JWNSfe98Z/CEz8=,bxubtnqCSCv2P+xIpoamjeLUypY=
35,22,53cuXnx2ur277JWNSfe98Z/CEz8=,CNQIETZeY4PxVnTtG8VWJh4MUPE=
40,23,53cuXnx2ur277JWNSfe98Z/CEz8=,bxubtnqCSCv2P+xIpoamjeLUypY=
39,24,53cuXnx2ur277JWNSfe98Z/CEz8=,/GPvsXzkfZDeEY/JOMx4v+l8q48=
38,24,53cuXnx2ur277JWNSfe98Z/CEz8=,/GPvsXzkfZDeEY/JOMx4v+l8q48=
37,25,53cuXnx2ur277JWNSfe98Z/CEz8=,/GPvsXzkfZDeEY/JOMx4v+l8q48=
34,22,53cuXnx2ur277JWNSfe98Z/CEz8=,CNQIETZeY4PxVnTtG8VWJh4MUPE=
37,23,53cuXnx2ur277JWNSfe98Z/CEz8=,7BV8K1+VK9baahZr1ZMbjoRVpP4=
36,23,53cuXnx2ur277JWNSfe98Z/CEz8=,7BV8K1+VK9baahZr1ZMbjoRVpP4=
35,25,53cuXnx2ur277JWNSfe98Z/CEz8=,2tdT149QS/CZdkGqUbwhvBa+mZo=
40,24,53cuXnx2ur277JWNSfe98Z/CEz8=,QZDpY7Hhtd6+UzeFz/QTe8e8U6k=
41,24,53cuXnx2ur277JWNSfe98Z/CEz8=,QZDpY7Hhtd6+UzeFz/QTe8e8U6k=
40,25,53cuXnx2ur277JWNSfe98Z/CEz8=,QZDpY7Hhtd6+UzeFz/QTe8e8U6k=
35,24,53cuXnx2ur277JWNSfe98Z/CEz8=,2tdT149QS/CZdkGqUbwhvBa+mZo=
41,25,53cuXnx2ur277JWNSfe98Z/CEz8=,QZDpY7Hhtd6+UzeFz/QTe8e8U6k=
34,24,53cuXnx2ur277JWNSfe98Z/CEz8=,2tdT149QS/CZdkGqUbwhvBa+mZo=
34,23,53cuXnx2ur277JWNSfe98Z/CEz8=,CNQIETZeY4PxVnTtG8VWJh4MUPE=
39,22,53cuXnx2ur277JWNSfe98Z/CEz8=,7BV8K1+VK9baahZr1ZMbjoRVpP4=
36,24,53cuXnx2ur277JWNSfe98Z/CEz8=,/GPvsXzkfZDeEY/JOMx4v+l8q48=
37,24,53cuXnx2ur277JWNSfe98Z/CEz8=,/GPvsXzkfZDeEY/JOMx4v+l8q48=
38,22,53cuXnx2ur277JWNSfe98Z/CEz8=,7BV8K1+VK9baahZr1ZMbjoRVpP4=
35,23,53cuXnx2ur277JWNSfe98Z/CEz8=,CNQIETZeY4PxVnTtG8VWJh4MUPE=
41,22,53cuXnx2ur277JWNSfe98Z/CEz8=,bxubtnqCSCv2P+xIpoamjeLUypY=
40,22,53cuXnx2ur277JWNSfe98Z/CEz8=,bxubtnqCSCv2P+xIpoamjeLUypY=
36,22,53cuXnx2ur277JWNSfe98Z/CEz8=,7BV8K1+VK9baahZr1ZMbjoRVpP4=
37,22,53cuXnx2ur277JWNSfe98Z/CEz8=,7BV8K1+VK9baahZr1ZMbjoRVpP4=
40,28,i2ALmC1iIgvrOXoKEqi3Q7TT6jo=,5ORISKFhGwmQPkjZvmWfytir/ks=
41,28,i2ALmC1iIgvrOXoKEqi3Q7TT6jo=,5ORISKFhGwmQPkjZvmWfytir/ks=
39,27,i2ALmC1iIgvrOXoKEqi3Q7TT6jo=,/GPvsXzkfZDeEY/JOMx4v+l8q48=
40,20,i2ALmC1iIgvrOXoKEqi3Q7TT6jo=,bxubtnqCSCv2P+xIpoamjeLUypY=
41,20,i2ALmC1iIgvrOXoKEqi3Q7TT6jo=,bxubtnqCSCv2P+xIpoamjeLUypY=
40,21,i2ALmC1iIgvrOXoKEqi3Q7TT6jo=,bxubtnqCSCv2P+xIpoamjeLUypY=
41,21,i2ALmC1iIgvrOXoKEqi3Q7TT6jo=,bxubtnqCSCv2P+xIpoamjeLUypY=
38,28,i2ALmC1iIgvrOXoKEqi3Q7TT6jo=,RE2B7TvKILRp89/8jZkzkPJA/9M=
39,28,i2ALmC1iIgvrOXoKEqi3Q7TT6jo=,RE2B7TvKILRp89/8jZkzkPJA/9M=
40,29,i2ALmC1iIgvrOXoKEqi3Q7TT6jo=,5ORISKFhGwmQPkjZvmWfytir/ks=
41,29,i2ALmC1iIgvrOXoKEqi3Q7TT6jo=,5ORISKFhGwmQPkjZvmWfytir/ks=
38,27,i2ALmC1iIgvrOXoKEqi3Q7TT6jo=,/GPvsXzkfZDeEY/JOMx4v+l8q48=
36,20,i2ALmC1iIgvrOXoKEqi3Q7TT6jo=,7BV8K1+VK9baahZr1ZMbjoRVpP4=
38,26,i2ALmC1iIgvrOXoKEqi3Q7TT6jo=,/GPvsXzkfZDeEY/JOMx4v+l8q48=
39,26,i2ALmC1iIgvrOXoKEqi3Q7TT6jo=,/GPvsXzkfZDeEY/JOMx4v+l8q48=
40,26,i2ALmC1iIgvrOXoKEqi3Q7TT6jo=,QZDpY7Hhtd6+UzeFz/QTe8e8U6k=
41,26,i2ALmC1iIgvrOXoKEqi3Q7TT6jo=,QZDpY7Hhtd6+UzeFz/QTe8e8U6k=
35,20,i2ALmC1iIgvrOXoKEqi3Q7TT6jo=,CNQIETZeY4PxVnTtG8VWJh4MUPE=
37,20,i2ALmC1iIgvrOXoKEqi3Q7TT6jo=,7BV8K1+VK9baahZr1ZMbjoRVpP4=
38,29,i2ALmC1iIgvrOXoKEqi3Q7TT6jo=,RE2B7TvKILRp89/8jZkzkPJA/9M=
34,21,i2ALmC1iIgvrOXoKEqi3Q7TT6jo=,CNQIETZeY4PxVnTtG8VWJh4MUPE=
39,29,i2ALmC1iIgvrOXoKEqi3Q7TT6jo=,RE2B7TvKILRp89/8jZkzkPJA/9M=
40,27,i2ALmC1iIgvrOXoKEqi3Q7TT6jo=,QZDpY7Hhtd6+UzeFz/QTe8e8U6k=
41,27,i2ALmC1iIgvrOXoKEqi3Q7TT6jo=,QZDpY7Hhtd6+UzeFz/QTe8e8U6k=
35,21,i2ALmC1iIgvrOXoKEqi3Q7TT6jo=,CNQIETZeY4PxVnTtG8VWJh4MUPE=
41,19,i2ALmC1iIgvrOXoKEqi3Q7TT6jo=,g0feDrCZQZlL9WmJ+yK6q/b8KsM=
40,19,i2ALmC1iIgvrOXoKEqi3Q7TT6jo=,g0feDrCZQZlL9WmJ+yK6q/b8KsM=
41,18,i2ALmC1iIgvrOXoKEqi3Q7TT6jo=,g0feDrCZQZlL9WmJ+yK6q/b8KsM=
39,18,i2ALmC1iIgvrOXoKEqi3Q7TT6jo=,fM3NtyRu/WRwuqZq+MtSYFfwOJU=
39,19,i2ALmC1iIgvrOXoKEqi3Q7TT6jo=,fM3NtyRu/WRwuqZq+MtSYFfwOJU=
35,18,i2ALmC1iIgvrOXoKEqi3Q7TT6jo=,bGIDuT1O8DcbHZaAM6XT0KWENM4=
39,21,i2ALmC1iIgvrOXoKEqi3Q7TT6jo=,7BV8K1+VK9baahZr1ZMbjoRVpP4=
35,19,i2ALmC1iIgvrOXoKEqi3Q7TT6jo=,bGIDuT1O8DcbHZaAM6XT0KWENM4=
36,19,i2ALmC1iIgvrOXoKEqi3Q7TT6jo=,fM3NtyRu/WRwuqZq+MtSYFfwOJU=
37,19,i2ALmC1iIgvrOXoKEqi3Q7TT6jo=,fM3NtyRu/WRwuqZq+MtSYFfwOJU=
38,20,i2ALmC1iIgvrOXoKEqi3Q7TT6jo=,7BV8K1+VK9baahZr1ZMbjoRVpP4=
34,19,i2ALmC1iIgvrOXoKEqi3Q7TT6jo=,bGIDuT1O8DcbHZaAM6XT0KWENM4=
34,20,i2ALmC1iIgvrOXoKEqi3Q7TT6jo=,CNQIETZeY4PxVnTtG8VWJh4MUPE=
39,20,i2ALmC1iIgvrOXoKEqi3Q7TT6jo=,7BV8K1+VK9baahZr1ZMbjoRVpP4=
34,18,i2ALmC1iIgvrOXoKEqi3Q7TT6jo=,bGIDuT1O8DcbHZaAM6XT0KWENM4=
38,19,i2ALmC1iIgvrOXoKEqi3Q7TT6jo=,fM3NtyRu/WRwuqZq+MtSYFfwOJU=
36,21,i2ALmC1iIgvrOXoKEqi3Q7TT6jo=,7BV8K1+VK9baahZr1ZMbjoRVpP4=
37,21,i2ALmC1iIgvrOXoKEqi3Q7TT6jo=,7BV8K1+VK9baahZr1ZMbjoRVpP4=
36,18,i2ALmC1iIgvrOXoKEqi3Q7TT6jo=,fM3NtyRu/WRwuqZq+MtSYFfwOJU=
40,18,i2ALmC1iIgvrOXoKEqi3Q7TT6jo=,g0feDrCZQZlL9WmJ+yK6q/b8KsM=
37,18,i2ALmC1iIgvrOXoKEqi3Q7TT6jo=,fM3NtyRu/WRwuqZq+MtSYFfwOJU=
38,21,i2ALmC1iIgvrOXoKEqi3Q7TT6jo=,7BV8K1+VK9baahZr1ZMbjoRVpP4=
38,18,i2ALmC1iIgvrOXoKEqi3Q7TT6jo=,fM3NtyRu/WRwuqZq+MtSYFfwOJU=
36,28,i2ALmC1iIgvrOXoKEqi3Q7TT6jo=,RE2B7TvKILRp89/8jZkzkPJA/9M=
37,28,i2ALmC1iIgvrOXoKEqi3Q7TT6jo=,RE2B7TvKILRp89/8jZkzkPJA/9M=
36,26,i2ALmC1iIgvrOXoKEqi3Q7TT6jo=,/GPvsXzkfZDeEY/JOMx4v+l8q48=
36,30,i2ALmC1iIgvrOXoKEqi3Q7TT6jo=,RE2B7TvKILRp89/8jZkzkPJA/9M=
37,26,i2ALmC1iIgvrOXoKEqi3Q7TT6jo=,/GPvsXzkfZDeEY/JOMx4v+l8q48=
35,31,i2ALmC1iIgvrOXoKEqi3Q7TT6jo=,cDPFWHe7UFhoC3rYmKPQfiTWqKk=
37,30,i2ALmC1iIgvrOXoKEqi3Q7TT6jo=,RE2B7TvKILRp89/8jZkzkPJA/9M=
34,26,i2ALmC1iIgvrOXoKEqi3Q7TT6jo=,2tdT149QS/CZdkGqUbwhvBa+mZo=
34,30,i2ALmC1iIgvrOXoKEqi3Q7TT6jo=,cDPFWHe7UFhoC3rYmKPQfiTWqKk=
35,29,i2ALmC1iIgvrOXoKEqi3Q7TT6jo=,cDPFWHe7UFhoC3rYmKPQfiTWqKk=
36,27,i2ALmC1iIgvrOXoKEqi3Q7TT6jo=,/GPvsXzkfZDeEY/JOMx4v+l8q48=
35,26,i2ALmC1iIgvrOXoKEqi3Q7TT6jo=,2tdT149QS/CZdkGqUbwhvBa+mZo=
37,27,i2ALmC1iIgvrOXoKEqi3Q7TT6jo=,/GPvsXzkfZDeEY/JOMx4v+l8q48=
36,29,i2ALmC1iIgvrOXoKEqi3Q7TT6jo=,RE2B7TvKILRp89/8jZkzkPJA/9M=
35,27,i2ALmC1iIgvrOXoKEqi3Q7TT6jo=,2tdT149QS/CZdkGqUbwhvBa+mZo=
34,27,i2ALmC1iIgvrOXoKEqi3Q7TT6jo=,2tdT149QS/CZdkGqUbwhvBa+mZo=
34,31,i2ALmC1iIgvrOXoKEqi3Q7TT6jo=,cDPFWHe7UFhoC3rYmKPQfiTWqKk=
34,29,i2ALmC1iIgvrOXoKEqi3Q7TT6jo=,cDPFWHe7UFhoC3rYmKPQfiTWqKk=
37,29,i2ALmC1iIgvrOXoKEqi3Q7TT6jo=,RE2B7TvKILRp89/8jZkzkPJA/9M=
37,31,i2ALmC1iIgvrOXoKEqi3Q7TT6jo=,RE2B7TvKILRp89/8jZkzkPJA/9M=
35,30,i2ALmC1iIgvrOXoKEqi3Q7TT6jo=,cDPFWHe7UFhoC3rYmKPQfiTWqKk=
34,28,i2ALmC1iIgvrOXoKEqi3Q7TT6jo=,cDPFWHe7UFhoC3rYmKPQfiTWqKk=
36,16,i2ALmC1iIgvrOXoKEqi3Q7TT6jo=,fM3NtyRu/WRwuqZq+MtSYFfwOJU=
35,28,i2ALmC1iIgvrOXoKEqi3Q7TT6jo=,cDPFWHe7UFhoC3rYmKPQfiTWqKk=
35,17,i2ALmC1iIgvrOXoKEqi3Q7TT6jo=,bGIDuT1O8DcbHZaAM6XT0KWENM4=
37,16,i2ALmC1iIgvrOXoKEqi3Q7TT6jo=,fM3NtyRu/WRwuqZq+MtSYFfwOJU=
36,31,i2ALmC1iIgvrOXoKEqi3Q7TT6jo=,RE2B7TvKILRp89/8jZkzkPJA/9M=
34,17,i2ALmC1iIgvrOXoKEqi3Q7TT6jo=,bGIDuT1O8DcbHZaAM6XT0KWENM4=
36,17,i2ALmC1iIgvrOXoKEqi3Q7TT6jo=,fM3NtyRu/WRwuqZq+MtSYFfwOJU=
37,17,i2ALmC1iIgvrOXoKEqi3Q7TT6jo=,fM3NtyRu/WRwuqZq+MtSYFfwOJU=
34,16,i2ALmC1iIgvrOXoKEqi3Q7TT6jo=,bGIDuT1O8DcbHZaAM6XT0KWENM4=
35,16,i2ALmC1iIgvrOXoKEqi3Q7TT6jo=,bGIDuT1O8DcbHZaAM6XT0KWENM4=
42,24,i2ALmC1iIgvrOXoKEqi3Q7TT6jo=,QZDpY7Hhtd6+UzeFz/QTe8e8U6k=
43,24,i2ALmC1iIgvrOXoKEqi3Q7TT6jo=,QZDpY7Hhtd6+UzeFz/QTe8e8U6k=
42,25,i2ALmC1iIgvrOXoKEqi3Q7TT6jo=,QZDpY7Hhtd6+UzeFz/QTe8e8U6k=
32,28,i2ALmC1iIgvrOXoKEqi3Q7TT6jo=,cDPFWHe7UFhoC3rYmKPQfiTWqKk=
43,25,i2ALmC1iIgvrOXoKEqi3Q7TT6jo=,QZDpY7Hhtd6+UzeFz/QTe8e8U6k=
42,22,i2ALmC1iIgvrOXoKEqi3Q7TT6jo=,bxubtnqCSCv2P+xIpoamjeLUypY=
43,22,i2ALmC1iIgvrOXoKEqi3Q7TT6jo=,bxubtnqCSCv2P+xIpoamjeLUypY=
42,23,i2ALmC1iIgvrOXoKEqi3Q7TT6jo=,bxubtnqCSCv2P+xIpoamjeLUypY=
43,23,i2ALmC1iIgvrOXoKEqi3Q7TT6jo=,bxubtnqCSCv2P+xIpoamjeLUypY=
42,28,i2ALmC1iIgvrOXoKEqi3Q7TT6jo=,5ORISKFhGwmQPkjZvmWfytir/ks=
43,28,rVO1Ct9FXPti4MJAT+DN/GX2EWg=,5ORISKFhGwmQPkjZvmWfytir/ks=
43,27,rVO1Ct9FXPti4MJAT+DN/GX2EWg=,QZDpY7Hhtd6+UzeFz/QTe8e8U6k=
33,28,rVO1Ct9FXPti4MJAT+DN/GX2EWg=,cDPFWHe7UFhoC3rYmKPQfiTWqKk=
42,29,rVO1Ct9FXPti4MJAT+DN/GX2EWg=,5ORISKFhGwmQPkjZvmWfytir/ks=
43,29,rVO1Ct9FXPti4MJAT+DN/GX2EWg=,5ORISKFhGwmQPkjZvmWfytir/ks=
42,26,rVO1Ct9FXPti4MJAT+DN/GX2EWg=,QZDpY7Hhtd6+UzeFz/QTe8e8U6k=
43,26,rVO1Ct9FXPti4MJAT+DN/GX2EWg=,QZDpY7Hhtd6+UzeFz/QTe8e8U6k=
42,27,rVO1Ct9FXPti4MJAT+DN/GX2EWg=,QZDpY7Hhtd6+UzeFz/QTe8e8U6k=
33,29,rVO1Ct9FXPti4MJAT+DN/GX2EWg=,cDPFWHe7UFhoC3rYmKPQfiTWqKk=
32,26,rVO1Ct9FXPti4MJAT+DN/GX2EWg=,2tdT149QS/CZdkGqUbwhvBa+mZo=
32,29,rVO1Ct9FXPti4MJAT+DN/GX2EWg=,cDPFWHe7UFhoC3rYmKPQfiTWqKk=
32,27,rVO1Ct9FXPti4MJAT+DN/GX2EWg=,2tdT149QS/CZdkGqUbwhvBa+mZo=
33,26,rVO1Ct9FXPti4MJAT+DN/GX2EWg=,2tdT149QS/CZdkGqUbwhvBa+mZo=
41,31,rVO1Ct9FXPti4MJAT+DN/GX2EWg=,5ORISKFhGwmQPkjZvmWfytir/ks=
40,31,rVO1Ct9FXPti4MJAT+DN/GX2EWg=,5ORISKFhGwmQPkjZvmWfytir/ks=
41,30,rVO1Ct9FXPti4MJAT+DN/GX2EWg=,5ORISKFhGwmQPkjZvmWfytir/ks=
33,22,rVO1Ct9FXPti4MJAT+DN/GX2EWg=,CNQIETZeY4PxVnTtG8VWJh4MUPE=
40,30,rVO1Ct9FXPti4MJAT+DN/GX2EWg=,5ORISKFhGwmQPkjZvmWfytir/ks=
32,25,rVO1Ct9FXPti4MJAT+DN/GX2EWg=,2tdT149QS/CZdkGqUbwhvBa+mZo=
32,22,rVO1Ct9FXPti4MJAT+DN/GX2EWg=,CNQIETZeY4PxVnTtG8VWJh4MUPE=
33,24,rVO1Ct9FXPti4MJAT+DN/GX2EWg=,2tdT149QS/CZdkGqUbwhvBa+mZo=
38,30,rVO1Ct9FXPti4MJAT+DN/GX2EWg=,RE2B7TvKILRp89/8jZkzkPJA/9M=
39,31,rVO1Ct9FXPti4MJAT+DN/GX2EWg=,RE2B7TvKILRp89/8jZkzkPJA/9M=
39,30,rVO1Ct9FXPti4MJAT+DN/GX2EWg=,RE2B7TvKILRp89/8jZkzkPJA/9M=
33,23,rVO1Ct9FXPti4MJAT+DN/GX2EWg=,CNQIETZeY4PxVnTtG8VWJh4MUPE=
32,24,rVO1Ct9FXPti4MJAT+DN/GX2EWg=,2tdT149QS/CZdkGqUbwhvBa+mZo=
33,25,rVO1Ct9FXPti4MJAT+DN/GX2EWg=,2tdT149QS/CZdkGqUbwhvBa+mZo=
33,27,rVO1Ct9FXPti4MJAT+DN/GX2EWg=,2tdT149QS/CZdkGqUbwhvBa+mZo=
32,17,rVO1Ct9FXPti4MJAT+DN/GX2EWg=,bGIDuT1O8DcbHZaAM6XT0KWENM4=
38,31,rVO1Ct9FXPti4MJAT+DN/GX2EWg=,RE2B7TvKILRp89/8jZkzkPJA/9M=
32,20,rVO1Ct9FXPti4MJAT+DN/GX2EWg=,CNQIETZeY4PxVnTtG8VWJh4MUPE=
32,18,rVO1Ct9FXPti4MJAT+DN/GX2EWg=,bGIDuT1O8DcbHZaAM6XT0KWENM4=
42,30,rVO1Ct9FXPti4MJAT+DN/GX2EWg=,5ORISKFhGwmQPkjZvmWfytir/ks=
33,21,rVO1Ct9FXPti4MJAT+DN/GX2EWg=,CNQIETZeY4PxVnTtG8VWJh4MUPE=
43,30,rVO1Ct9FXPti4MJAT+DN/GX2EWg=,5ORISKFhGwmQPkjZvmWfytir/ks=
42,31,rVO1Ct9FXPti4MJAT+DN/GX2EWg=,5ORISKFhGwmQPkjZvmWfytir/ks=
43,31,rVO1Ct9FXPti4MJAT+DN/GX2EWg=,5ORISKFhGwmQPkjZvmWfytir/ks=
42,20,rVO1Ct9FXPti4MJAT+DN/GX2EWg=,bxubtnqCSCv2P+xIpoamjeLUypY=
43,20,rVO1Ct9FXPti4MJAT+DN/GX2EWg=,bxubtnqCSCv2P+xIpoamjeLUypY=
42,21,rVO1Ct9FXPti4MJAT+DN/GX2EWg=,bxubtnqCSCv2P+xIpoamjeLUypY=
43,21,rVO1Ct9FXPti4MJAT+DN/GX2EWg=,bxubtnqCSCv2P+xIpoamjeLUypY=
42,18,rVO1Ct9FXPti4MJAT+DN/GX2EWg=,g0feDrCZQZlL9WmJ+yK6q/b8KsM=
43,18,rVO1Ct9FXPti4MJAT+DN/GX2EWg=,g0feDrCZQZlL9WmJ+yK6q/b8KsM=
42,19,rVO1Ct9FXPti4MJAT+DN/GX2EWg=,g0feDrCZQZlL9WmJ+yK6q/b8KsM=
43,19,rVO1Ct9FXPti4MJAT+DN/GX2EWg=,g0feDrCZQZlL9WmJ+yK6q/b8KsM=
33,20,rVO1Ct9FXPti4MJAT+DN/GX2EWg=,CNQIETZeY4PxVnTtG8VWJh4MUPE=
32,16,rVO1Ct9FXPti4MJAT+DN/GX2EWg=,bGIDuT1O8DcbHZaAM6XT0KWENM4=
33,16,rVO1Ct9FXPti4MJAT+DN/GX2EWg=,bGIDuT1O8DcbHZaAM6XT0KWENM4=
33,18,rVO1Ct9FXPti4MJAT+DN/GX2EWg=,bGIDuT1O8DcbHZaAM6XT0KWENM4=
32,23,rVO1Ct9FXPti4MJAT+DN/GX2EWg=,CNQIETZeY4PxVnTtG8VWJh4MUPE=
32,19,rVO1Ct9FXPti4MJAT+DN/GX2EWg=,bGIDuT1O8DcbHZaAM6XT0KWENM4=
33,19,rVO1Ct9FXPti4MJAT+DN/GX2EWg=,bGIDuT1O8DcbHZaAM6XT0KWENM4=
32,21,rVO1Ct9FXPti4MJAT+DN/GX2EWg=,CNQIETZeY4PxVnTtG8VWJh4MUPE=
33,17,rVO1Ct9FXPti4MJAT+DN/GX2EWg=,bGIDuT1O8DcbHZaAM6XT0KWENM4=
40,16,rVO1Ct9FXPti4MJAT+DN/GX2EWg=,g0feDrCZQZlL9WmJ+yK6q/b8KsM=
41,16,rVO1Ct9FXPti4MJAT+DN/GX2EWg=,g0feDrCZQZlL9WmJ+yK6q/b8KsM=
42,16,rVO1Ct9FXPti4MJAT+DN/GX2EWg=,g0feDrCZQZlL9WmJ+yK6q/b8KsM=
43,17,rVO1Ct9FXPti4MJAT+DN/GX2EWg=,g0feDrCZQZlL9WmJ+yK6q/b8KsM=
42,17,rVO1Ct9FXPti4MJAT+DN/GX2EWg=,g0feDrCZQZlL9WmJ+yK6q/b8KsM=
43,16,rVO1Ct9FXPti4MJAT+DN/GX2EWg=,g0feDrCZQZlL9WmJ+yK6q/b8KsM=
41,17,rVO1Ct9FXPti4MJAT+DN/GX2EWg=,g0feDrCZQZlL9WmJ+yK6q/b8KsM=
40,17,rVO1Ct9FXPti4MJAT+DN/GX2EWg=,g0feDrCZQZlL9WmJ+yK6q/b8KsM=
39,17,rVO1Ct9FXPti4MJAT+DN/GX2EWg=,fM3NtyRu/WRwuqZq+MtSYFfwOJU=
39,16,rVO1Ct9FXPti4MJAT+DN/GX2EWg=,fM3NtyRu/WRwuqZq+MtSYFfwOJU=
38,17,rVO1Ct9FXPti4MJAT+DN/GX2EWg=,fM3NtyRu/WRwuqZq+MtSYFfwOJU=
38,16,rVO1Ct9FXPti4MJAT+DN/GX2EWg=,fM3NtyRu/WRwuqZq+MtSYFfwOJU=
32,30,rVO1Ct9FXPti4MJAT+DN/GX2EWg=,cDPFWHe7UFhoC3rYmKPQfiTWqKk=
32,31,rVO1Ct9FXPti4MJAT+DN/GX2EWg=,cDPFWHe7UFhoC3rYmKPQfiTWqKk=
33,31,rVO1Ct9FXPti4MJAT+DN/GX2EWg=,cDPFWHe7UFhoC3rYmKPQfiTWqKk=
33,30,rVO1Ct9FXPti4MJAT+DN/GX2EWg=,cDPFWHe7UFhoC3rYmKPQfiTWqKk=
