-61,75,oUN2SiKUzjSU1+NFR11FIGf7ERY=,NMDejyzt5O3fiCIB8pMgg0BPdD0=
-60,75,oUN2SiKUzjSU1+NFR11FIGf7ERY=,NMDejyzt5O3fiCIB8pMgg0BPdD0=
-61,76,oUN2SiKUzjSU1+NFR11FIGf7ERY=,NMDejyzt5O3fiCIB8pMgg0BPdD0=
-60,76,oUN2SiKUzjSU1+NFR11FIGf7ERY=,NMDejyzt5O3fiCIB8pMgg0BPdD0=
-53,67,oUN2SiKUzjSU1+NFR11FIGf7ERY=,NMDejyzt5O3fiCIB8pMgg0BPdD0=
-52,67,oUN2SiKUzjSU1+NFR11FIGf7ERY=,NMDejyzt5O3fiCIB8pMgg0BPdD0=
-53,68,oUN2SiKUzjSU1+NFR11FIGf7ERY=,NMDejyzt5O3fiCIB8pMgg0BPdD0=
-52,68,oUN2SiKUzjSU1+NFR11FIGf7ERY=,NMDejyzt5O3fiCIB8pMgg0BPdD0=
-58,76,oUN2SiKUzjSU1+NFR11FIGf7ERY=,NMDejyzt5O3fiCIB8pMgg0BPdD0=
-56,75,oUN2SiKUzjSU1+NFR11FIGf7ERY=,NMDejyzt5O3fiCIB8pMgg0BPdD0=
-55,75,oUN2SiKUzjSU1+NFR11FIGf7ERY=,NMDejyzt5O3fiCIB8pMgg0BPdD0=
-57,76,oUN2SiKUzjSU1+NFR11FIGf7ERY=,NMDejyzt5O3fiCIB8pMgg0BPdD0=
-54,75,oUN2SiKUzjSU1+NFR11FIGf7ERY=,NMDejyzt5O3fiCIB8pMgg0BPdD0=
-61,68,oUN2SiKUzjSU1+NFR11FIGf7ERY=,NMDejyzt5O3fiCIB8pMgg0BPdD0=
-53,75,oUN2SiKUzjSU1+NFR11FIGf7ERY=,NMDejyzt5O3fiCIB8pMgg0BPdD0=
-60,68,oUN2SiKUzjSU1+NFR11FIGf7ERY=,NMDejyzt5O3fiCIB8pMgg0BPdD0=
-56,72,oUN2SiKUzjSU1+NFR11FIGf7ERY=,NMDejyzt5O3fiCIB8pMgg0BPdD0=
-52,75,oUN2SiKUzjSU1+NFR11FIGf7ERY=,NMDejyzt5O3fiCIB8pMgg0BPdD0=
-61,69,oUN2SiKUzjSU1+NFR11FIGf7ERY=,NMDejyzt5O3fiCIB8pMgg0BPdD0=
-56,76,oUN2SiKUzjSU1+NFR11FIGf7ERY=,NMDejyzt5O3fiCIB8pMgg0BPdD0=
-55,72,oUN2SiKUzjSU1+NFR11FIGf7ERY=,NMDejyzt5O3fiCIB8pMgg0BPdD0=
-54,72,oUN2SiKUzjSU1+NFR11FIGf7ERY=,NMDejyzt5O3fiCIB8pMgg0BPdD0=
-55,76,oUN2SiKUzjSU1+NFR11FIGf7ERY=,NMDejyzt5O3fiCIB8pMgg0BPdD0=
-54,76,oUN2SiKUzjSU1+NFR11FIGf7ERY=,NMDejyzt5O3fiCIB8pMgg0BPdD0=
-53,72,oUN2SiKUzjSU1+NFR11FIGf7ERY=,NMDejyzt5O3fiCIB8pMgg0BPdD0=
-61,73,oUN2SiKUzjSU1+NFR11FIGf7ERY=,NMDejyzt5O3fiCIB8pMgg0BPdD0=
-60,69,oUN2SiKUzjSU1+NFR11FIGf7ERY=,NMDejyzt5O3fiCIB8pMgg0BPdD0=
-59,69,oUN2SiKUzjSU1+NFR11FIGf7ERY=,NMDejyzt5O3fiCIB8pMgg0BPdD0=
-53,76,oUN2SiKUzjSU1+NFR11FIGf7ERY=,NMDejyzt5O3fiCIB8pMgg0BPdD0=
-60,73,oUN2SiKUzjSU1+NFR11FIGf7ERY=,NMDejyzt5O3fiCIB8pMgg0BPdD0=
-52,72,oUN2SiKUzjSU1+NFR11FIGf7ERY=,NMDejyzt5O3fiCIB8pMgg0BPdD0=
-59,73,oUN2SiKUzjSU1+NFR11FIGf7ERY=,NMDejyzt5O3fiCIB8pMgg0BPdD0=
-52,76,oUN2SiKUzjSU1+NFR11FIGf7ERY=,NMDejyzt5O3fiCIB8pMgg0BPdD0=
-58,73,oUN2SiKUzjSU1+NFR11FIGf7ERY=,NMDejyzt5O3fiCIB8pMgg0BPdD0=
-56,69,oUN2SiKUzjSU1+NFR11FIGf7ERY=,NMDejyzt5O3fiCIB8pMgg0BPdD0=
-57,73,oUN2SiKUzjSU1+NFR11FIGf7ERY=,NMDejyzt5O3fiCIB8pMgg0BPdD0=
-56,71,oUN2SiKUzjSU1+NFR11FIGf7ERY=,NMDejyzt5O3fiCIB8pMgg0BPdD0=
-61,70,oUN2SiKUzjSU1+NFR11FIGf7ERY=,NMDejyzt5O3fiCIB8pMgg0BPdD0=
-60,70,oUN2SiKUzjSU1+NFR11FIGf7ERY=,NMDejyzt5O3fiCIB8pMgg0BPdD0=
-59,68,oUN2SiKUzjSU1+NFR11FIGf7ERY=,NMDejyzt5O3fiCIB8pMgg0BPdD0=
-53,69,oUN2SiKUzjSU1+NFR11FIGf7ERY=,NMDejyzt5O3fiCIB8pMgg0BPdD0=
-52,69,oUN2SiKUzjSU1+NFR11FIGf7ERY=,NMDejyzt5O3fiCIB8pMgg0BPdD0=
-53,71,oUN2SiKUzjSU1+NFR11FIGf7ERY=,NMDejyzt5O3fiCIB8pMgg0BPdD0=
-53,73,oUN2SiKUzjSU1+NFR11FIGf7ERY=,NMDejyzt5O3fiCIB8pMgg0BPdD0=
-52,73,oUN2SiKUzjSU1+NFR11FIGf7ERY=,NMDejyzt5O3fiCIB8pMgg0BPdD0=
-53,70,oUN2SiKUzjSU1+NFR11FIGf7ERY=,NMDejyzt5O3fiCIB8pMgg0BPdD0=
-61,67,oUN2SiKUzjSU1+NFR11FIGf7ERY=,NMDejyzt5O3fiCIB8pMgg0BPdD0=
-52,71,oUN2SiKUzjSU1+NFR11FIGf7ERY=,NMDejyzt5O3fiCIB8pMgg0BPdD0=
-59,75,oUN2SiKUzjSU1+NFR11FIGf7ERY=,NMDejyzt5O3fiCIB8pMgg0BPdD0=
-55,69,oUN2SiKUzjSU1+NFR11FIGf7ERY=,NMDejyzt5O3fiCIB8pMgg0BPdD0=
-59,70,oUN2SiKUzjSU1+NFR11FIGf7ERY=,NMDejyzt5O3fiCIB8pMgg0BPdD0=
-56,73,oUN2SiKUzjSU1+NFR11FIGf7ERY=,NMDejyzt5O3fiCIB8pMgg0BPdD0=
-55,71,oUN2SiKUzjSU1+NFR11FIGf7ERY=,NMDejyzt5O3fiCIB8pMgg0BPdD0=
-52,70,oUN2SiKUzjSU1+NFR11FIGf7ERY=,NMDejyzt5O3fiCIB8pMgg0BPdD0=
-55,73,oUN2SiKUzjSU1+NFR11FIGf7ERY=,NMDejyzt5O3fiCIB8pMgg0BPdD0=
-58,70,oUN2SiKUzjSU1+NFR11FIGf7ERY=,NMDejyzt5O3fiCIB8pMgg0BPdD0=
-53,74,oUN2SiKUzjSU1+NFR11FIGf7ERY=,NMDejyzt5O3fiCIB8pMgg0BPdD0=
-58,75,oUN2SiKUzjSU1+NFR11FIGf7ERY=,NMDejyzt5O3fiCIB8pMgg0BPdD0=
-54,68,oUN2SiKUzjSU1+NFR11FIGf7ERY=,NMDejyzt5O3fiCIB8pMgg0BPdD0=
-58,72,oUN2SiKUzjSU1+NFR11FIGf7ERY=,NMDejyzt5O3fiCIB8pMgg0BPdD0=
-59,72,oUN2SiKUzjSU1+NFR11FIGf7ERY=,NMDejyzt5O3fiCIB8pMgg0BPdD0=
-55,68,oUN2SiKUzjSU1+NFR11FIGf7ERY=,NMDejyzt5O3fiCIB8pMgg0BPdD0=
-60,72,oUN2SiKUzjSU1+NFR11FIGf7ERY=,NMDejyzt5O3fiCIB8pMgg0BPdD0=
-57,72,oUN2SiKUzjSU1+NFR11FIGf7ERY=,NMDejyzt5O3fiCIB8pMgg0BPdD0=
-52,74,fPuMRdAOb/DdGKl0QnZMwoWmHg8=,NMDejyzt5O3fiCIB8pMgg0BPdD0=
-56,74,fPuMRdAOb/DdGKl0QnZMwoWmHg8=,NMDejyzt5O3fiCIB8pMgg0BPdD0=
-61,72,fPuMRdAOb/DdGKl0QnZMwoWmHg8=,NMDejyzt5O3fiCIB8pMgg0BPdD0=
-57,75,fPuMRdAOb/DdGKl0QnZMwoWmHg8=,NMDejyzt5O3fiCIB8pMgg0BPdD0=
-54,74,fPuMRdAOb/DdGKl0QnZMwoWmHg8=,NMDejyzt5O3fiCIB8pMgg0BPdD0=
-57,67,fPuMRdAOb/DdGKl0QnZMwoWmHg8=,NMDejyzt5O3fiCIB8pMgg0BPdD0=
-59,76,fPuMRdAOb/DdGKl0QnZMwoWmHg8=,NMDejyzt5O3fiCIB8pMgg0BPdD0=
-58,74,fPuMRdAOb/DdGKl0QnZMwoWmHg8=,NMDejyzt5O3fiCIB8pMgg0BPdD0=
-55,74,fPuMRdAOb/DdGKl0QnZMwoWmHg8=,NMDejyzt5O3fiCIB8pMgg0BPdD0=
-57,74,fPuMRdAOb/DdGKl0QnZMwoWmHg8=,NMDejyzt5O3fiCIB8pMgg0BPdD0=
-59,74,fPuMRdAOb/DdGKl0QnZMwoWmHg8=,NMDejyzt5O3fiCIB8pMgg0BPdD0=
-58,67,fPuMRdAOb/DdGKl0QnZMwoWmHg8=,NMDejyzt5O3fiCIB8pMgg0BPdD0=
-57,69,fPuMRdAOb/DdGKl0QnZMwoWmHg8=,NMDejyzt5O3fiCIB8pMgg0BPdD0=
-57,71,fPuMRdAOb/DdGKl0QnZMwoWmHg8=,NMDejyzt5O3fiCIB8pMgg0BPdD0=
-60,74,fPuMRdAOb/DdGKl0QnZMwoWmHg8=,NMDejyzt5O3fiCIB8pMgg0BPdD0=
-57,68,fPuMRdAOb/DdGKl0QnZMwoWmHg8=,NMDejyzt5O3fiCIB8pMgg0BPdD0=
-61,71,fPuMRdAOb/DdGKl0QnZMwoWmHg8=,NMDejyzt5O3fiCIB8pMgg0BPdD0=
-58,71,fPuMRdAOb/DdGKl0QnZMwoWmHg8=,NMDejyzt5O3fiCIB8pMgg0BPdD0=
-56,68,fPuMRdAOb/DdGKl0QnZMwoWmHg8=,NMDejyzt5O3fiCIB8pMgg0BPdD0=
-60,71,fPuMRdAOb/DdGKl0QnZMwoWmHg8=,NMDejyzt5O3fiCIB8pMgg0BPdD0=
-54,70,fPuMRdAOb/DdGKl0QnZMwoWmHg8=,NMDejyzt5O3fiCIB8pMgg0BPdD0=
-58,68,fPuMRdAOb/DdGKl0QnZMwoWmHg8=,NMDejyzt5O3fiCIB8pMgg0BPdD0=
-55,70,fPuMRdAOb/DdGKl0QnZMwoWmHg8=,NMDejyzt5O3fiCIB8pMgg0BPdD0=
-60,67,fPuMRdAOb/DdGKl0QnZMwoWmHg8=,NMDejyzt5O3fiCIB8pMgg0BPdD0=
-56,70,fPuMRdAOb/DdGKl0QnZMwoWmHg8=,NMDejyzt5O3fiCIB8pMgg0BPdD0=
-54,67,fPuMRdAOb/DdGKl0QnZMwoWmHg8=,NMDejyzt5O3fiCIB8pMgg0BPdD0=
-55,67,fPuMRdAOb/DdGKl0QnZMwoWmHg8=,NMDejyzt5O3fiCIB8pMgg0BPdD0=
-56,67,fPuMRdAOb/DdGKl0QnZMwoWmHg8=,NMDejyzt5O3fiCIB8pMgg0BPdD0=
-57,70,fPuMRdAOb/DdGKl0QnZMwoWmHg8=,NMDejyzt5O3fiCIB8pMgg0BPdD0=
-54,71,fPuMRdAOb/DdGKl0QnZMwoWmHg8=,NMDejyzt5O3fiCIB8pMgg0BPdD0=
-61,74,fPuMRdAOb/DdGKl0QnZMwoWmHg8=,NMDejyzt5O3fiCIB8pMgg0BPdD0=
-54,69,fPuMRdAOb/DdGKl0QnZMwoWmHg8=,NMDejyzt5O3fiCIB8pMgg0BPdD0=
-54,73,fPuMRdAOb/DdGKl0QnZMwoWmHg8=,NMDejyzt5O3fiCIB8pMgg0BPdD0=
-50,68,fPuMRdAOb/DdGKl0QnZMwoWmHg8=,NMDejyzt5O3fiCIB8pMgg0BPdD0=
-49,67,fPuMRdAOb/DdGKl0QnZMwoWmHg8=,NMDejyzt5O3fiCIB8pMgg0BPdD0=
-50,67,fPuMRdAOb/DdGKl0QnZMwoWmHg8=,NMDejyzt5O3fiCIB8pMgg0BPdD0=
-51,68,fPuMRdAOb/DdGKl0QnZMwoWmHg8=,NMDejyzt5O3fiCIB8pMgg0BPdD0=
-58,69,fPuMRdAOb/DdGKl0QnZMwoWmHg8=,NMDejyzt5O3fiCIB8pMgg0BPdD0=
-51,67,fPuMRdAOb/DdGKl0QnZMwoWmHg8=,NMDejyzt5O3fiCIB8pMgg0BPdD0=
-49,68,fPuMRdAOb/DdGKl0QnZMwoWmHg8=,NMDejyzt5O3fiCIB8pMgg0BPdD0=
-59,71,fPuMRdAOb/DdGKl0QnZMwoWmHg8=,NMDejyzt5O3fiCIB8pMgg0BPdD0=
-59,67,fPuMRdAOb/DdGKl0QnZMwoWmHg8=,NMDejyzt5O3fiCIB8pMgg0BPdD0=
-51,71,fPuMRdAOb/DdGKl0QnZMwoWmHg8=,NMDejyzt5O3fiCIB8pMgg0BPdD0=
-49,71,fPuMRdAOb/DdGKl0QnZMwoWmHg8=,NMDejyzt5O3fiCIB8pMgg0BPdD0=
-50,71,fPuMRdAOb/DdGKl0QnZMwoWmHg8=,NMDejyzt5O3fiCIB8pMgg0BPdD0=
-51,70,fPuMRdAOb/DdGKl0QnZMwoWmHg8=,NMDejyzt5O3fiCIB8pMgg0BPdD0=
-50,69,fPuMRdAOb/DdGKl0QnZMwoWmHg8=,NMDejyzt5O3fiCIB8pMgg0BPdD0=
-51,69,fPuMRdAOb/DdGKl0QnZMwoWmHg8=,NMDejyzt5O3fiCIB8pMgg0BPdD0=
-50,73,fPuMRdAOb/DdGKl0QnZMwoWmHg8=,NMDejyzt5O3fiCIB8pMgg0BPdD0=
-50,74,fPuMRdAOb/DdGKl0QnZMwoWmHg8=,NMDejyzt5O3fiCIB8pMgg0BPdD0=
-51,72,fPuMRdAOb/DdGKl0QnZMwoWmHg8=,NMDejyzt5O3fiCIB8pMgg0BPdD0=
-51,74,fPuMRdAOb/DdGKl0QnZMwoWmHg8=,NMDejyzt5O3fiCIB8pMgg0BPdD0=
-49,69,fPuMRdAOb/DdGKl0QnZMwoWmHg8=,NMDejyzt5O3fiCIB8pMgg0BPdD0=
-49,70,fPuMRdAOb/DdGKl0QnZMwoWmHg8=,NMDejyzt5O3fiCIB8pMgg0BPdD0=
-49,76,fPuMRdAOb/DdGKl0QnZMwoWmHg8=,NMDejyzt5O3fiCIB8pMgg0BPdD0=
-50,72,fPuMRdAOb/DdGKl0QnZMwoWmHg8=,NMDejyzt5O3fiCIB8pMgg0BPdD0=
-49,72,fPuMRdAOb/DdGKl0QnZMwoWmHg8=,NMDejyzt5O3fiCIB8pMgg0BPdD0=
-50,70,fPuMRdAOb/DdGKl0QnZMwoWmHg8=,NMDejyzt5O3fiCIB8pMgg0BPdD0=
-49,73,fPuMRdAOb/DdGKl0QnZMwoWmHg8=,NMDejyzt5O3fiCIB8pMgg0BPdD0=
-50,76,fPuMRdAOb/DdGKl0QnZMwoWmHg8=,NMDejyzt5O3fiCIB8pMgg0BPdD0=
-51,76,fPuMRdAOb/DdGKl0QnZMwoWmHg8=,NMDejyzt5O3fiCIB8pMgg0BPdD0=
-51,73,fPuMRdAOb/DdGKl0QnZMwoWmHg8=,NMDejyzt5O3fiCIB8pMgg0BPdD0=
-49,74,fPuMRdAOb/DdGKl0QnZMwoWmHg8=,NMDejyzt5O3fiCIB8pMgg0BPdD0=
-49,75,fPuMRdAOb/DdGKl0QnZMwoWmHg8=,NMDejyzt5O3fiCIB8pMgg0BPdD0=
-50,75,fPuMRdAOb/DdGKl0QnZMwoWmHg8=,NMDejyzt5O3fiCIB8pMgg0BPdD0=
-51,75,fPuMRdAOb/DdGKl0QnZMwoWmHg8=,NMDejyzt5O3fiCIB8pMgg0BPdD0=
-52,79,fPuMRdAOb/DdGKl0QnZMwoWmHg8=,NMDejyzt5O3fiCIB8pMgg0BPdD0=
-53,79,fPuMRdAOb/DdGKl0QnZMwoWmHg8=,NMDejyzt5O3fiCIB8pMgg0BPdD0=
-53,77,fPuMRdAOb/DdGKl0QnZMwoWmHg8=,NMDejyzt5O3fiCIB8pMgg0BPdD0=
-60,77,fPuMRdAOb/DdGKl0QnZMwoWmHg8=,NMDejyzt5O3fiCIB8pMgg0BPdD0=
-52,78,fPuMRdAOb/DdGKl0QnZMwoWmHg8=,NMDejyzt5O3fiCIB8pMgg0BPdD0=
-59,77,fPuMRdAOb/DdGKl0QnZMwoWmHg8=,NMDejyzt5O3fiCIB8pMgg0BPdD0=
-52,77,fPuMRdAOb/DdGKl0QnZMwoWmHg8=,NMDejyzt5O3fiCIB8pMgg0BPdD0=
-53,78,fPuMRdAOb/DdGKl0QnZMwoWmHg8=,NMDejyzt5O3fiCIB8pMgg0BPdD0=
-58,77,fPuMRdAOb/DdGKl0QnZMwoWmHg8=,NMDejyzt5O3fiCIB8pMgg0BPdD0=
-56,77,fPuMRdAOb/DdGKl0QnZMwoWmHg8=,NMDejyzt5O3fiCIB8pMgg0BPdD0=
-57,77,fPuMRdAOb/DdGKl0QnZMwoWmHg8=,NMDejyzt5O3fiCIB8pMgg0BPdD0=
-55,77,fPuMRdAOb/DdGKl0QnZMwoWmHg8=,NMDejyzt5O3fiCIB8pMgg0BPdD0=
-61,79,fPuMRdAOb/DdGKl0QnZMwoWmHg8=,NMDejyzt5O3fiCIB8pMgg0BPdD0=
-57,79,fPuMRdAOb/DdGKl0QnZMwoWmHg8=,NMDejyzt5O3fiCIB8pMgg0BPdD0=
-58,79,fPuMRdAOb/DdGKl0QnZMwoWmHg8=,NMDejyzt5O3fiCIB8pMgg0BPdD0=
-59,79,fPuMRdAOb/DdGKl0QnZMwoWmHg8=,NMDejyzt5O3fiCIB8pMgg0BPdD0=
-60,79,fPuMRdAOb/DdGKl0QnZMwoWmHg8=,NMDejyzt5O3fiCIB8pMgg0BPdD0=
-61,77,fPuMRdAOb/DdGKl0QnZMwoWmHg8=,NMDejyzt5O3fiCIB8pMgg0BPdD0=
-54,79,fPuMRdAOb/DdGKl0QnZMwoWmHg8=,NMDejyzt5O3fiCIB8pMgg0BPdD0=
-55,79,fPuMRdAOb/DdGKl0QnZMwoWmHg8=,NMDejyzt5O3fiCIB8pMgg0BPdD0=
-56,79,fPuMRdAOb/DdGKl0QnZMwoWmHg8=,NMDejyzt5O3fiCIB8pMgg0BPdD0=
-59,78,fPuMRdAOb/DdGKl0QnZMwoWmHg8=,NMDejyzt5O3fiCIB8pMgg0BPdD0=
-60,78,fPuMRdAOb/DdGKl0QnZMwoWmHg8=,NMDejyzt5O3fiCIB8pMgg0BPdD0=
-58,78,fPuMRdAOb/DdGKl0QnZMwoWmHg8=,NMDejyzt5O3fiCIB8pMgg0BPdD0=
-57,78,fPuMRdAOb/DdGKl0QnZMwoWmHg8=,NMDejyzt5O3fiCIB8pMgg0BPdD0=
-54,77,fPuMRdAOb/DdGKl0QnZMwoWmHg8=,NMDejyzt5O3fiCIB8pMgg0BPdD0=
-56,78,fPuMRdAOb/DdGKl0QnZMwoWmHg8=,NMDejyzt5O3fiCIB8pMgg0BPdD0=
-61,78,fPuMRdAOb/DdGKl0QnZMwoWmHg8=,NMDejyzt5O3fiCIB8pMgg0BPdD0=
-55,78,fPuMRdAOb/DdGKl0QnZMwoWmHg8=,NMDejyzt5O3fiCIB8pMgg0BPdD0=
-54,78,fPuMRdAOb/DdGKl0QnZMwoWmHg8=,NMDejyzt5O3fiCIB8pMgg0BPdD0=
-63,68,fPuMRdAOb/DdGKl0QnZMwoWmHg8=,NMDejyzt5O3fiCIB8pMgg0BPdD0=
-62,68,fPuMRdAOb/DdGKl0QnZMwoWmHg8=,NMDejyzt5O3fiCIB8pMgg0BPdD0=
-64,76,fPuMRdAOb/DdGKl0QnZMwoWmHg8=,NMDejyzt5O3fiCIB8pMgg0BPdD0=
-64,67,fPuMRdAOb/DdGKl0QnZMwoWmHg8=,NMDejyzt5O3fiCIB8pMgg0BPdD0=
-64,68,fPuMRdAOb/DdGKl0QnZMwoWmHg8=,NMDejyzt5O3fiCIB8pMgg0BPdD0=
-62,79,fPuMRdAOb/DdGKl0QnZMwoWmHg8=,NMDejyzt5O3fiCIB8pMgg0BPdD0=
-63,79,fPuMRdAOb/DdGKl0QnZMwoWmHg8=,NMDejyzt5O3fiCIB8pMgg0BPdD0=
-62,76,fPuMRdAOb/DdGKl0QnZMwoWmHg8=,NMDejyzt5O3fiCIB8pMgg0BPdD0=
-62,75,fPuMRdAOb/DdGKl0QnZMwoWmHg8=,NMDejyzt5O3fiCIB8pMgg0BPdD0=
-64,79,fPuMRdAOb/DdGKl0QnZMwoWmHg8=,NMDejyzt5O3fiCIB8pMgg0BPdD0=
-63,75,fPuMRdAOb/DdGKl0QnZMwoWmHg8=,NMDejyzt5O3fiCIB8pMgg0BPdD0=
-62,72,fPuMRdAOb/DdGKl0QnZMwoWmHg8=,NMDejyzt5O3fiCIB8pMgg0BPdD0=
-64,75,fPuMRdAOb/DdGKl0QnZMwoWmHg8=,NMDejyzt5O3fiCIB8pMgg0BPdD0=
-63,72,fPuMRdAOb/DdGKl0QnZMwoWmHg8=,NMDejyzt5O3fiCIB8pMgg0BPdD0=
-63,69,fPuMRdAOb/DdGKl0QnZMwoWmHg8=,NMDejyzt5O3fiCIB8pMgg0BPdD0=
-62,78,fPuMRdAOb/DdGKl0QnZMwoWmHg8=,NMDejyzt5O3fiCIB8pMgg0BPdD0=
-62,71,fPuMRdAOb/DdGKl0QnZMwoWmHg8=,NMDejyzt5O3fiCIB8pMgg0BPdD0=
-63,67,fPuMRdAOb/DdGKl0QnZMwoWmHg8=,NMDejyzt5O3fiCIB8pMgg0BPdD0=
-62,67,fPuMRdAOb/DdGKl0QnZMwoWmHg8=,NMDejyzt5O3fiCIB8pMgg0BPdD0=
-64,72,fPuMRdAOb/DdGKl0QnZMwoWmHg8=,NMDejyzt5O3fiCIB8pMgg0BPdD0=
-62,77,fPuMRdAOb/DdGKl0QnZMwoWmHg8=,NMDejyzt5O3fiCIB8pMgg0BPdD0=
-63,78,fPuMRdAOb/DdGKl0QnZMwoWmHg8=,NMDejyzt5O3fiCIB8pMgg0BPdD0=
-64,69,fPuMRdAOb/DdGKl0QnZMwoWmHg8=,NMDejyzt5O3fiCIB8pMgg0BPdD0=
-64,71,fPuMRdAOb/DdGKl0QnZMwoWmHg8=,NMDejyzt5O3fiCIB8pMgg0BPdD0=
-62,74,fPuMRdAOb/DdGKl0QnZMwoWmHg8=,NMDejyzt5O3fiCIB8pMgg0BPdD0=
-63,71,fPuMRdAOb/DdGKl0QnZMwoWmHg8=,NMDejyzt5O3fiCIB8pMgg0BPdD0=
-64,78,fPuMRdAOb/DdGKl0QnZMwoWmHg8=,NMDejyzt5O3fiCIB8pMgg0BPdD0=
-63,74,fPuMRdAOb/DdGKl0QnZMwoWmHg8=,NMDejyzt5O3fiCIB8pMgg0BPdD0=
-64,77,fPuMRdAOb/DdGKl0QnZMwoWmHg8=,NMDejyzt5O3fiCIB8pMgg0BPdD0=
-63,77,fPuMRdAOb/DdGKl0QnZMwoWmHg8=,NMDejyzt5O3fiCIB8pMgg0BPdD0=
-64,74,fPuMRdAOb/DdGKl0QnZMwoWmHg8=,NMDejyzt5O3fiCIB8pMgg0BPdD0=
-63,76,fPuMRdAOb/DdGKl0QnZMwoWmHg8=,NMDejyzt5O3fiCIB8pMgg0BPdD0=
-62,73,fPuMRdAOb/DdGKl0QnZMwoWmHg8=,NMDejyzt5O3fiCIB8pMgg0BPdD0=
-63,73,fPuMRdAOb/DdGKl0QnZMwoWmHg8=,NMDejyzt5O3fiCIB8pMgg0BPdD0=
-62,70,fPuMRdAOb/DdGKl0QnZMwoWmHg8=,NMDejyzt5O3fiCIB8pMgg0BPdD0=
-64,73,fPuMRdAOb/DdGKl0QnZMwoWmHg8=,NMDejyzt5O3fiCIB8pMgg0BPdD0=
-64,70,fPuMRdAOb/DdGKl0QnZMwoWmHg8=,NMDejyzt5O3fiCIB8pMgg0BPdD0=
-62,69,fPuMRdAOb/DdGKl0QnZMwoWmHg8=,NMDejyzt5O3fiCIB8pMgg0BPdD0=
-61,66,fPuMRdAOb/DdGKl0QnZMwoWmHg8=,NMDejyzt5O3fiCIB8pMgg0BPdD0=
-63,70,fPuMRdAOb/DdGKl0QnZMwoWmHg8=,NMDejyzt5O3fiCIB8pMgg0BPdD0=
-61,65,fPuMRdAOb/DdGKl0QnZMwoWmHg8=,NMDejyzt5O3fiCIB8pMgg0BPdD0=
-60,64,fPuMRdAOb/DdGKl0QnZMwoWmHg8=,NMDejyzt5O3fiCIB8pMgg0BPdD0=
-61,64,fPuMRdAOb/DdGKl0QnZMwoWmHg8=,NMDejyzt5O3fiCIB8pMgg0BPdD0=
-60,65,fPuMRdAOb/DdGKl0QnZMwoWmHg8=,NMDejyzt5O3fiCIB8pMgg0BPdD0=
-60,66,fPuMRdAOb/DdGKl0QnZMwoWmHg8=,NMDejyzt5O3fiCIB8pMgg0BPdD0=
-55,66,fPuMRdAOb/DdGKl0QnZMwoWmHg8=,NMDejyzt5O3fiCIB8pMgg0BPdD0=
-54,66,fPuMRdAOb/DdGKl0QnZMwoWmHg8=,NMDejyzt5O3fiCIB8pMgg0BPdD0=
-57,66,fPuMRdAOb/DdGKl0QnZMwoWmHg8=,NMDejyzt5O3fiCIB8pMgg0BPdD0=
-56,66,fPuMRdAOb/DdGKl0QnZMwoWmHg8=,NMDejyzt5O3fiCIB8pMgg0BPdD0=
-53,66,fPuMRdAOb/DdGKl0QnZMwoWmHg8=,NMDejyzt5O3fiCIB8pMgg0BPdD0=
-57,65,fPuMRdAOb/DdGKl0QnZMwoWmHg8=,NMDejyzt5O3fiCIB8pMgg0BPdD0=
-59,64,fPuMRdAOb/DdGKl0QnZMwoWmHg8=,NMDejyzt5O3fiCIB8pMgg0BPdD0=
-52,66,fPuMRdAOb/DdGKl0QnZMwoWmHg8=,NMDejyzt5O3fiCIB8pMgg0BPdD0=
-52,65,fPuMRdAOb/DdGKl0QnZMwoWmHg8=,NMDejyzt5O3fiCIB8pMgg0BPdD0=
-58,66,fPuMRdAOb/DdGKl0QnZMwoWmHg8=,NMDejyzt5O3fiCIB8pMgg0BPdD0=
-53,65,fPuMRdAOb/DdGKl0QnZMwoWmHg8=,NMDejyzt5O3fiCIB8pMgg0BPdD0=
-54,65,fPuMRdAOb/DdGKl0QnZMwoWmHg8=,NMDejyzt5O3fiCIB8pMgg0BPdD0=
-56,65,fPuMRdAOb/DdGKl0QnZMwoWmHg8=,NMDejyzt5O3fiCIB8pMgg0BPdD0=
-52,64,fPuMRdAOb/DdGKl0QnZMwoWmHg8=,NMDejyzt5O3fiCIB8pMgg0BPdD0=
-58,64,fPuMRdAOb/DdGKl0QnZMwoWmHg8=,NMDejyzt5O3fiCIB8pMgg0BPdD0=
-53,64,fPuMRdAOb/DdGKl0QnZMwoWmHg8=,NMDejyzt5O3fiCIB8pMgg0BPdD0=
-57,64,fPuMRdAOb/DdGKl0QnZMwoWmHg8=,NMDejyzt5O3fiCIB8pMgg0BPdD0=
-55,65,fPuMRdAOb/DdGKl0QnZMwoWmHg8=,NMDejyzt5O3fiCIB8pMgg0BPdD0=
-55,64,fPuMRdAOb/DdGKl0QnZMwoWmHg8=,NMDejyzt5O3fiCIB8pMgg0BPdD0=
-54,64,fPuMRdAOb/DdGKl0QnZMwoWmHg8=,NMDejyzt5O3fiCIB8pMgg0BPdD0=
-59,66,fPuMRdAOb/DdGKl0QnZMwoWmHg8=,NMDejyzt5O3fiCIB8pMgg0BPdD0=
-56,64,fPuMRdAOb/DdGKl0QnZMwoWmHg8=,NMDejyzt5O3fiCIB8pMgg0BPdD0=
-58,65,fPuMRdAOb/DdGKl0QnZMwoWmHg8=,NMDejyzt5O3fiCIB8pMgg0BPdD0=
-59,65,fPuMRdAOb/DdGKl0QnZMwoWmHg8=,NMDejyzt5O3fiCIB8pMgg0BPdD0=
-50,65,fPuMRdAOb/DdGKl0QnZMwoWmHg8=,NMDejyzt5O3fiCIB8pMgg0BPdD0=
-49,65,fPuMRdAOb/DdGKl0QnZMwoWmHg8=,NMDejyzt5O3fiCIB8pMgg0BPdD0=
-50,66,fPuMRdAOb/DdGKl0QnZMwoWmHg8=,NMDejyzt5O3fiCIB8pMgg0BPdD0=
-49,64,fPuMRdAOb/DdGKl0QnZMwoWmHg8=,NMDejyzt5O3fiCIB8pMgg0BPdD0=
-51,66,fPuMRdAOb/DdGKl0QnZMwoWmHg8=,NMDejyzt5O3fiCIB8pMgg0BPdD0=
-50,64,fPuMRdAOb/DdGKl0QnZMwoWmHg8=,NMDejyzt5O3fiCIB8pMgg0BPdD0=
-51,65,fPuMRdAOb/DdGKl0QnZMwoWmHg8=,NMDejyzt5O3fiCIB8pMgg0BPdD0=
-51,64,fPuMRdAOb/DdGKl0QnZMwoWmHg8=,NMDejyzt5O3fiCIB8pMgg0BPdD0=
-49,66,fPuMRdAOb/DdGKl0QnZMwoWmHg8=,NMDejyzt5O3fiCIB8pMgg0BPdD0=
-49,79,fPuMRdAOb/DdGKl0QnZMwoWmHg8=,NMDejyzt5O3fiCIB8pMgg0BPdD0=
-50,79,fPuMRdAOb/DdGKl0QnZMwoWmHg8=,NMDejyzt5O3fiCIB8pMgg0BPdD0=
-51,77,fPuMRdAOb/DdGKl0QnZMwoWmHg8=,NMDejyzt5O3fiCIB8pMgg0BPdD0=
-51,79,fPuMRdAOb/DdGKl0QnZMwoWmHg8=,NMDejyzt5O3fiCIB8pMgg0BPdD0=
-49,78,fPuMRdAOb/DdGKl0QnZMwoWmHg8=,NMDejyzt5O3fiCIB8pMgg0BPdD0=
-50,78,fPuMRdAOb/DdGKl0QnZMwoWmHg8=,NMDejyzt5O3fiCIB8pMgg0BPdD0=
-51,78,fPuMRdAOb/DdGKl0QnZMwoWmHg8=,NMDejyzt5O3fiCIB8pMgg0BPdD0=
-49,77,fPuMRdAOb/DdGKl0QnZMwoWmHg8=,NMDejyzt5O3fiCIB8pMgg0BPdD0=
-50,77,fPuMRdAOb/DdGKl0QnZMwoWmHg8=,NMDejyzt5O3fiCIB8pMgg0BPdD0=
-62,64,fPuMRdAOb/DdGKl0QnZMwoWmHg8=,NMDejyzt5O3fiCIB8pMgg0BPdD0=
-62,65,fPuMRdAOb/DdGKl0QnZMwoWmHg8=,NMDejyzt5O3fiCIB8pMgg0BPdD0=
-62,66,fPuMRdAOb/DdGKl0QnZMwoWmHg8=,NMDejyzt5O3fiCIB8pMgg0BPdD0=
-63,66,fPuMRdAOb/DdGKl0QnZMwoWmHg8=,NMDejyzt5O3fiCIB8pMgg0BPdD0=
-64,66,fPuMRdAOb/DdGKl0QnZMwoWmHg8=,NMDejyzt5O3fiCIB8pMgg0BPdD0=
-63,64,fPuMRdAOb/DdGKl0QnZMwoWmHg8=,NMDejyzt5O3fiCIB8pMgg0BPdD0=
-63,65,fPuMRdAOb/DdGKl0QnZMwoWmHg8=,NMDejyzt5O3fiCIB8pMgg0BPdD0=
-64,65,fPuMRdAOb/DdGKl0QnZMwoWmHg8=,NMDejyzt5O3fiCIB8pMgg0BPdD0=
-64,64,fPuMRdAOb/DdGKl0QnZMwoWmHg8=,NMDejyzt5O3fiCIB8pMgg0BPdD0=
-53,84,v2QpTtJbau7WPMi8Q9iePucmtCs=,NMDejyzt5O3fiCIB8pMgg0BPdD0=
-53,86,v2QpTtJbau7WPMi8Q9iePucmtCs=,NMDejyzt5O3fiCIB8pMgg0BPdD0=
-52,86,v2QpTtJbau7WPMi8Q9iePucmtCs=,NMDejyzt5O3fiCIB8pMgg0BPdD0=
-52,85,v2QpTtJbau7WPMi8Q9iePucmtCs=,NMDejyzt5O3fiCIB8pMgg0BPdD0=
-54,83,v2QpTtJbau7WPMi8Q9iePucmtCs=,NMDejyzt5O3fiCIB8pMgg0BPdD0=
-56,84,v2QpTtJbau7WPMi8Q9iePucmtCs=,NMDejyzt5O3fiCIB8pMgg0BPdD0=
-56,87,v2QpTtJbau7WPMi8Q9iePucmtCs=,NMDejyzt5O3fiCIB8pMgg0BPdD0=
-55,87,v2QpTtJbau7WPMi8Q9iePucmtCs=,NMDejyzt5O3fiCIB8pMgg0BPdD0=
-55,84,v2QpTtJbau7WPMi8Q9iePucmtCs=,NMDejyzt5O3fiCIB8pMgg0BPdD0=
-54,84,v2QpTtJbau7WPMi8Q9iePucmtCs=,NMDejyzt5O3fiCIB8pMgg0BPdD0=
-54,87,v2QpTtJbau7WPMi8Q9iePucmtCs=,NMDejyzt5O3fiCIB8pMgg0BPdD0=
-56,85,v2QpTtJbau7WPMi8Q9iePucmtCs=,NMDejyzt5O3fiCIB8pMgg0BPdD0=
-55,85,v2QpTtJbau7WPMi8Q9iePucmtCs=,NMDejyzt5O3fiCIB8pMgg0BPdD0=
-61,86,v2QpTtJbau7WPMi8Q9iePucmtCs=,NMDejyzt5O3fiCIB8pMgg0BPdD0=
-61,87,v2QpTtJbau7WPMi8Q9iePucmtCs=,NMDejyzt5O3fiCIB8pMgg0BPdD0=
-60,87,v2QpTtJbau7WPMi8Q9iePucmtCs=,NMDejyzt5O3fiCIB8pMgg0BPdD0=
-54,85,v2QpTtJbau7WPMi8Q9iePucmtCs=,NMDejyzt5O3fiCIB8pMgg0BPdD0=
-59,87,v2QpTtJbau7WPMi8Q9iePucmtCs=,NMDejyzt5O3fiCIB8pMgg0BPdD0=
-60,86,v2QpTtJbau7WPMi8Q9iePucmtCs=,NMDejyzt5O3fiCIB8pMgg0BPdD0=
-59,86,v2QpTtJbau7WPMi8Q9iePucmtCs=,NMDejyzt5O3fiCIB8pMgg0BPdD0=
-58,87,v2QpTtJbau7WPMi8Q9iePucmtCs=,NMDejyzt5O3fiCIB8pMgg0BPdD0=
-58,86,v2QpTtJbau7WPMi8Q9iePucmtCs=,NMDejyzt5O3fiCIB8pMgg0BPdD0=
-61,83,v2QpTtJbau7WPMi8Q9iePucmtCs=,NMDejyzt5O3fiCIB8pMgg0BPdD0=
-57,86,v2QpTtJbau7WPMi8Q9iePucmtCs=,NMDejyzt5O3fiCIB8pMgg0BPdD0=
-60,83,v2QpTtJbau7WPMi8Q9iePucmtCs=,NMDejyzt5O3fiCIB8pMgg0BPdD0=
-59,83,v2QpTtJbau7WPMi8Q9iePucmtCs=,NMDejyzt5O3fiCIB8pMgg0BPdD0=
-57,87,v2QpTtJbau7WPMi8Q9iePucmtCs=,NMDejyzt5O3fiCIB8pMgg0BPdD0=
-58,83,v2QpTtJbau7WPMi8Q9iePucmtCs=,NMDejyzt5O3fiCIB8pMgg0BPdD0=
-57,83,v2QpTtJbau7WPMi8Q9iePucmtCs=,NMDejyzt5O3fiCIB8pMgg0BPdD0=
-61,84,v2QpTtJbau7WPMi8Q9iePucmtCs=,NMDejyzt5O3fiCIB8pMgg0BPdD0=
-56,86,v2QpTtJbau7WPMi8Q9iePucmtCs=,NMDejyzt5O3fiCIB8pMgg0BPdD0=
-55,86,v2QpTtJbau7WPMi8Q9iePucmtCs=,NMDejyzt5O3fiCIB8pMgg0BPdD0=
-54,86,v2QpTtJbau7WPMi8Q9iePucmtCs=,NMDejyzt5O3fiCIB8pMgg0BPdD0=
-60,84,v2QpTtJbau7WPMi8Q9iePucmtCs=,NMDejyzt5O3fiCIB8pMgg0BPdD0=
-59,84,v2QpTtJbau7WPMi8Q9iePucmtCs=,NMDejyzt5O3fiCIB8pMgg0BPdD0=
-58,84,v2QpTtJbau7WPMi8Q9iePucmtCs=,NMDejyzt5O3fiCIB8pMgg0BPdD0=
-57,84,v2QpTtJbau7WPMi8Q9iePucmtCs=,NMDejyzt5O3fiCIB8pMgg0BPdD0=
-61,85,v2QpTtJbau7WPMi8Q9iePucmtCs=,NMDejyzt5O3fiCIB8pMgg0BPdD0=
-60,85,v2QpTtJbau7WPMi8Q9iePucmtCs=,NMDejyzt5O3fiCIB8pMgg0BPdD0=
-59,85,v2QpTtJbau7WPMi8Q9iePucmtCs=,NMDejyzt5O3fiCIB8pMgg0BPdD0=
-56,83,v2QpTtJbau7WPMi8Q9iePucmtCs=,NMDejyzt5O3fiCIB8pMgg0BPdD0=
-55,83,v2QpTtJbau7WPMi8Q9iePucmtCs=,NMDejyzt5O3fiCIB8pMgg0BPdD0=
-58,85,v2QpTtJbau7WPMi8Q9iePucmtCs=,NMDejyzt5O3fiCIB8pMgg0BPdD0=
-57,85,v2QpTtJbau7WPMi8Q9iePucmtCs=,NMDejyzt5O3fiCIB8pMgg0BPdD0=
-53,83,v2QpTtJbau7WPMi8Q9iePucmtCs=,NMDejyzt5O3fiCIB8pMgg0BPdD0=
-52,83,v2QpTtJbau7WPMi8Q9iePucmtCs=,NMDejyzt5O3fiCIB8pMgg0BPdD0=
-53,85,v2QpTtJbau7WPMi8Q9iePucmtCs=,NMDejyzt5O3fiCIB8pMgg0BPdD0=
-52,87,v2QpTtJbau7WPMi8Q9iePucmtCs=,NMDejyzt5O3fiCIB8pMgg0BPdD0=
-53,87,v2QpTtJbau7WPMi8Q9iePucmtCs=,NMDejyzt5O3fiCIB8pMgg0BPdD0=
-52,84,v2QpTtJbau7WPMi8Q9iePucmtCs=,NMDejyzt5O3fiCIB8pMgg0BPdD0=
-50,87,v2QpTtJbau7WPMi8Q9iePucmtCs=,NMDejyzt5O3fiCIB8pMgg0BPdD0=
-60,81,v2QpTtJbau7WPMi8Q9iePucmtCs=,NMDejyzt5O3fiCIB8pMgg0BPdD0=
-61,81,v2QpTtJbau7WPMi8Q9iePucmtCs=,NMDejyzt5O3fiCIB8pMgg0BPdD0=
-61,82,v2QpTtJbau7WPMi8Q9iePucmtCs=,NMDejyzt5O3fiCIB8pMgg0BPdD0=
-60,80,v2QpTtJbau7WPMi8Q9iePucmtCs=,NMDejyzt5O3fiCIB8pMgg0BPdD0=
-61,80,v2QpTtJbau7WPMi8Q9iePucmtCs=,NMDejyzt5O3fiCIB8pMgg0BPdD0=
-60,82,v2QpTtJbau7WPMi8Q9iePucmtCs=,NMDejyzt5O3fiCIB8pMgg0BPdD0=
-49,83,v2QpTtJbau7WPMi8Q9iePucmtCs=,NMDejyzt5O3fiCIB8pMgg0BPdD0=
-49,86,v2QpTtJbau7WPMi8Q9iePucmtCs=,NMDejyzt5O3fiCIB8pMgg0BPdD0=
-63,84,v2QpTtJbau7WPMi8Q9iePucmtCs=,NMDejyzt5O3fiCIB8pMgg0BPdD0=
-64,84,v2QpTtJbau7WPMi8Q9iePucmtCs=,NMDejyzt5O3fiCIB8pMgg0BPdD0=
-62,84,v2QpTtJbau7WPMi8Q9iePucmtCs=,NMDejyzt5O3fiCIB8pMgg0BPdD0=
-63,83,v2QpTtJbau7WPMi8Q9iePucmtCs=,NMDejyzt5O3fiCIB8pMgg0BPdD0=
-64,83,v2QpTtJbau7WPMi8Q9iePucmtCs=,NMDejyzt5O3fiCIB8pMgg0BPdD0=
-62,83,v2QpTtJbau7WPMi8Q9iePucmtCs=,NMDejyzt5O3fiCIB8pMgg0BPdD0=
-50,83,v2QpTtJbau7WPMi8Q9iePucmtCs=,NMDejyzt5O3fiCIB8pMgg0BPdD0=
-51,86,v2QpTtJbau7WPMi8Q9iePucmtCs=,NMDejyzt5O3fiCIB8pMgg0BPdD0=
-50,86,v2QpTtJbau7WPMi8Q9iePucmtCs=,NMDejyzt5O3fiCIB8pMgg0BPdD0=
-51,87,v2QpTtJbau7WPMi8Q9iePucmtCs=,NMDejyzt5O3fiCIB8pMgg0BPdD0=
-51,83,v2QpTtJbau7WPMi8Q9iePucmtCs=,NMDejyzt5O3fiCIB8pMgg0BPdD0=
-50,85,v2QpTtJbau7WPMi8Q9iePucmtCs=,NMDejyzt5O3fiCIB8pMgg0BPdD0=
-49,85,v2QpTtJbau7WPMi8Q9iePucmtCs=,NMDejyzt5O3fiCIB8pMgg0BPdD0=
-51,85,v2QpTtJbau7WPMi8Q9iePucmtCs=,NMDejyzt5O3fiCIB8pMgg0BPdD0=
-49,84,v2QpTtJbau7WPMi8Q9iePucmtCs=,NMDejyzt5O3fiCIB8pMgg0BPdD0=
-50,84,v2QpTtJbau7WPMi8Q9iePucmtCs=,NMDejyzt5O3fiCIB8pMgg0BPdD0=
-51,84,v2QpTtJbau7WPMi8Q9iePucmtCs=,NMDejyzt5O3fiCIB8pMgg0BPdD0=
-49,87,v2QpTtJbau7WPMi8Q9iePucmtCs=,NMDejyzt5O3fiCIB8pMgg0BPdD0=
-54,80,v2QpTtJbau7WPMi8Q9iePucmtCs=,NMDejyzt5O3fiCIB8pMgg0BPdD0=
-59,82,v2QpTtJbau7WPMi8Q9iePucmtCs=,NMDejyzt5O3fiCIB8pMgg0BPdD0=
-57,80,v2QpTtJbau7WPMi8Q9iePucmtCs=,NMDejyzt5O3fiCIB8pMgg0BPdD0=
-56,80,v2QpTtJbau7WPMi8Q9iePucmtCs=,NMDejyzt5O3fiCIB8pMgg0BPdD0=
-57,82,v2QpTtJbau7WPMi8Q9iePucmtCs=,NMDejyzt5O3fiCIB8pMgg0BPdD0=
-58,82,v2QpTtJbau7WPMi8Q9iePucmtCs=,NMDejyzt5O3fiCIB8pMgg0BPdD0=
-53,80,v2QpTtJbau7WPMi8Q9iePucmtCs=,NMDejyzt5O3fiCIB8pMgg0BPdD0=
-55,80,v2QpTtJbau7WPMi8Q9iePucmtCs=,NMDejyzt5O3fiCIB8pMgg0BPdD0=
-52,82,v2QpTtJbau7WPMi8Q9iePucmtCs=,NMDejyzt5O3fiCIB8pMgg0BPdD0=
-58,80,v2QpTtJbau7WPMi8Q9iePucmtCs=,NMDejyzt5O3fiCIB8pMgg0BPdD0=
-53,82,v2QpTtJbau7WPMi8Q9iePucmtCs=,NMDejyzt5O3fiCIB8pMgg0BPdD0=
-54,82,v2QpTtJbau7WPMi8Q9iePucmtCs=,NMDejyzt5O3fiCIB8pMgg0BPdD0=
-57,81,v2QpTtJbau7WPMi8Q9iePucmtCs=,NMDejyzt5O3fiCIB8pMgg0BPdD0=
-59,81,v2QpTtJbau7WPMi8Q9iePucmtCs=,NMDejyzt5O3fiCIB8pMgg0BPdD0=
-55,82,v2QpTtJbau7WPMi8Q9iePucmtCs=,NMDejyzt5O3fiCIB8pMgg0BPdD0=
-59,80,v2QpTtJbau7WPMi8Q9iePucmtCs=,NMDejyzt5O3fiCIB8pMgg0BPdD0=
-52,81,v2QpTtJbau7WPMi8Q9iePucmtCs=,NMDejyzt5O3fiCIB8pMgg0BPdD0=
-56,82,v2QpTtJbau7WPMi8Q9iePucmtCs=,NMDejyzt5O3fiCIB8pMgg0BPdD0=
-53,81,v2QpTtJbau7WPMi8Q9iePucmtCs=,NMDejyzt5O3fiCIB8pMgg0BPdD0=
-54,81,v2QpTtJbau7WPMi8Q9iePucmtCs=,NMDejyzt5O3fiCIB8pMgg0BPdD0=
-58,81,v2QpTtJbau7WPMi8Q9iePucmtCs=,NMDejyzt5O3fiCIB8pMgg0BPdD0=
-52,80,v2QpTtJbau7WPMi8Q9iePucmtCs=,NMDejyzt5O3fiCIB8pMgg0BPdD0=
-56,81,v2QpTtJbau7WPMi8Q9iePucmtCs=,NMDejyzt5O3fiCIB8pMgg0BPdD0=
-55,81,v2QpTtJbau7WPMi8Q9iePucmtCs=,NMDejyzt5O3fiCIB8pMgg0BPdD0=
-62,86,v2QpTtJbau7WPMi8Q9iePucmtCs=,NMDejyzt5O3fiCIB8pMgg0BPdD0=
-64,86,v2QpTtJbau7WPMi8Q9iePucmtCs=,NMDejyzt5O3fiCIB8pMgg0BPdD0=
-62,85,v2QpTtJbau7WPMi8Q9iePucmtCs=,NMDejyzt5O3fiCIB8pMgg0BPdD0=
-63,86,v2QpTtJbau7WPMi8Q9iePucmtCs=,NMDejyzt5O3fiCIB8pMgg0BPdD0=
-63,87,v2QpTtJbau7WPMi8Q9iePucmtCs=,NMDejyzt5O3fiCIB8pMgg0BPdD0=
-64,85,v2QpTtJbau7WPMi8Q9iePucmtCs=,NMDejyzt5O3fiCIB8pMgg0BPdD0=
-63,85,v2QpTtJbau7WPMi8Q9iePucmtCs=,NMDejyzt5O3fiCIB8pMgg0BPdD0=
-64,87,v2QpTtJbau7WPMi8Q9iePucmtCs=,NMDejyzt5O3fiCIB8pMgg0BPdD0=
-62,87,v2QpTtJbau7WPMi8Q9iePucmtCs=,NMDejyzt5O3fiCIB8pMgg0BPdD0=
-51,80,v2QpTtJbau7WPMi8Q9iePucmtCs=,NMDejyzt5O3fiCIB8pMgg0BPdD0=
-50,80,v2QpTtJbau7WPMi8Q9iePucmtCs=,NMDejyzt5O3fiCIB8pMgg0BPdD0=
-51,81,v2QpTtJbau7WPMi8Q9iePucmtCs=,NMDejyzt5O3fiCIB8pMgg0BPdD0=
-49,80,v2QpTtJbau7WPMi8Q9iePucmtCs=,NMDejyzt5O3fiCIB8pMgg0BPdD0=
-50,81,v2QpTtJbau7WPMi8Q9iePucmtCs=,NMDejyzt5O3fiCIB8pMgg0BPdD0=
-49,81,v2QpTtJbau7WPMi8Q9iePucmtCs=,NMDejyzt5O3fiCIB8pMgg0BPdD0=
-49,82,v2QpTtJbau7WPMi8Q9iePucmtCs=,NMDejyzt5O3fiCIB8pMgg0BPdD0=
-64,81,v2QpTtJbau7WPMi8Q9iePucmtCs=,NMDejyzt5O3fiCIB8pMgg0BPdD0=
-51,82,v2QpTtJbau7WPMi8Q9iePucmtCs=,NMDejyzt5O3fiCIB8pMgg0BPdD0=
-50,82,v2QpTtJbau7WPMi8Q9iePucmtCs=,NMDejyzt5O3fiCIB8pMgg0BPdD0=
-62,82,v2QpTtJbau7WPMi8Q9iePucmtCs=,NMDejyzt5O3fiCIB8pMgg0BPdD0=
-63,80,v2QpTtJbau7WPMi8Q9iePucmtCs=,NMDejyzt5O3fiCIB8pMgg0BPdD0=
-62,80,v2QpTtJbau7WPMi8Q9iePucmtCs=,NMDejyzt5O3fiCIB8pMgg0BPdD0=
-63,82,v2QpTtJbau7WPMi8Q9iePucmtCs=,NMDejyzt5O3fiCIB8pMgg0BPdD0=
-63,81,v2QpTtJbau7WPMi8Q9iePucmtCs=,NMDejyzt5O3fiCIB8pMgg0BPdD0=
-64,82,v2QpTtJbau7WPMi8Q9iePucmtCs=,NMDejyzt5O3fiCIB8pMgg0BPdD0=
-64,80,v2QpTtJbau7WPMi8Q9iePucmtCs=,NMDejyzt5O3fiCIB8pMgg0BPdD0=
-62,81,v2QpTtJbau7WPMi8Q9iePucmtCs=,NMDejyzt5O3fiCIB8pMgg0BPdD0=
-45,83,RLyjE3g8bQIRrnk+sZrrv7OdQP4=,NMDejyzt5O3fiCIB8pMgg0BPdD0=
-44,83,RLyjE3g8bQIRrnk+sZrrv7OdQP4=,NMDejyzt5O3fiCIB8pMgg0BPdD0=
-45,84,RLyjE3g8bQIRrnk+sZrrv7OdQP4=,NMDejyzt5O3fiCIB8pMgg0BPdD0=
-40,84,RLyjE3g8bQIRrnk+sZrrv7OdQP4=,NMDejyzt5O3fiCIB8pMgg0BPdD0=
-39,84,RLyjE3g8bQIRrnk+sZrrv7OdQP4=,NMDejyzt5O3fiCIB8pMgg0BPdD0=
-38,83,RLyjE3g8bQIRrnk+sZrrv7OdQP4=,NMDejyzt5O3fiCIB8pMgg0BPdD0=
-38,84,RLyjE3g8bQIRrnk+sZrrv7OdQP4=,NMDejyzt5O3fiCIB8pMgg0BPdD0=
-37,84,RLyjE3g8bQIRrnk+sZrrv7OdQP4=,NMDejyzt5O3fiCIB8pMgg0BPdD0=
-36,84,RLyjE3g8bQIRrnk+sZrrv7OdQP4=,NMDejyzt5O3fiCIB8pMgg0BPdD0=
-37,83,RLyjE3g8bQIRrnk+sZrrv7OdQP4=,NMDejyzt5O3fiCIB8pMgg0BPdD0=
-36,83,RLyjE3g8bQIRrnk+sZrrv7OdQP4=,NMDejyzt5O3fiCIB8pMgg0BPdD0=
-43,83,RLyjE3g8bQIRrnk+sZrrv7OdQP4=,NMDejyzt5O3fiCIB8pMgg0BPdD0=
-42,83,RLyjE3g8bQIRrnk+sZrrv7OdQP4=,NMDejyzt5O3fiCIB8pMgg0BPdD0=
-41,83,RLyjE3g8bQIRrnk+sZrrv7OdQP4=,NMDejyzt5O3fiCIB8pMgg0BPdD0=
-40,83,RLyjE3g8bQIRrnk+sZrrv7OdQP4=,NMDejyzt5O3fiCIB8pMgg0BPdD0=
-43,84,RLyjE3g8bQIRrnk+sZrrv7OdQP4=,NMDejyzt5O3fiCIB8pMgg0BPdD0=
-42,84,RLyjE3g8bQIRrnk+sZrrv7OdQP4=,NMDejyzt5O3fiCIB8pMgg0BPdD0=
-41,84,RLyjE3g8bQIRrnk+sZrrv7OdQP4=,NMDejyzt5O3fiCIB8pMgg0BPdD0=
-39,83,RLyjE3g8bQIRrnk+sZrrv7OdQP4=,NMDejyzt5O3fiCIB8pMgg0BPdD0=
-44,84,RLyjE3g8bQIRrnk+sZrrv7OdQP4=,NMDejyzt5O3fiCIB8pMgg0BPdD0=
-37,87,RLyjE3g8bQIRrnk+sZrrv7OdQP4=,NMDejyzt5O3fiCIB8pMgg0BPdD0=
-36,87,RLyjE3g8bQIRrnk+sZrrv7OdQP4=,NMDejyzt5O3fiCIB8pMgg0BPdD0=
-37,85,RLyjE3g8bQIRrnk+sZrrv7OdQP4=,NMDejyzt5O3fiCIB8pMgg0BPdD0=
-36,85,RLyjE3g8bQIRrnk+sZrrv7OdQP4=,NMDejyzt5O3fiCIB8pMgg0BPdD0=
-37,86,RLyjE3g8bQIRrnk+sZrrv7OdQP4=,NMDejyzt5O3fiCIB8pMgg0BPdD0=
-36,86,RLyjE3g8bQIRrnk+sZrrv7OdQP4=,NMDejyzt5O3fiCIB8pMgg0BPdD0=
-34,87,RLyjE3g8bQIRrnk+sZrrv7OdQP4=,NMDejyzt5O3fiCIB8pMgg0BPdD0=
-33,87,RLyjE3g8bQIRrnk+sZrrv7OdQP4=,NMDejyzt5O3fiCIB8pMgg0BPdD0=
-47,83,RLyjE3g8bQIRrnk+sZrrv7OdQP4=,NMDejyzt5O3fiCIB8pMgg0BPdD0=
-48,83,RLyjE3g8bQIRrnk+sZrrv7OdQP4=,NMDejyzt5O3fiCIB8pMgg0BPdD0=
-46,83,RLyjE3g8bQIRrnk+sZrrv7OdQP4=,NMDejyzt5O3fiCIB8pMgg0BPdD0=
-46,84,RLyjE3g8bQIRrnk+sZrrv7OdQP4=,NMDejyzt5O3fiCIB8pMgg0BPdD0=
-48,84,RLyjE3g8bQIRrnk+sZrrv7OdQP4=,NMDejyzt5O3fiCIB8pMgg0BPdD0=
-47,84,RLyjE3g8bQIRrnk+sZrrv7OdQP4=,NMDejyzt5O3fiCIB8pMgg0BPdD0=
-34,86,RLyjE3g8bQIRrnk+sZrrv7OdQP4=,NMDejyzt5O3fiCIB8pMgg0BPdD0=
-35,86,RLyjE3g8bQIRrnk+sZrrv7OdQP4=,NMDejyzt5O3fiCIB8pMgg0BPdD0=
-33,86,RLyjE3g8bQIRrnk+sZrrv7OdQP4=,NMDejyzt5O3fiCIB8pMgg0BPdD0=
-35,87,RLyjE3g8bQIRrnk+sZrrv7OdQP4=,NMDejyzt5O3fiCIB8pMgg0BPdD0=
-33,85,RLyjE3g8bQIRrnk+sZrrv7OdQP4=,NMDejyzt5O3fiCIB8pMgg0BPdD0=
-34,85,RLyjE3g8bQIRrnk+sZrrv7OdQP4=,NMDejyzt5O3fiCIB8pMgg0BPdD0=
-35,85,RLyjE3g8bQIRrnk+sZrrv7OdQP4=,NMDejyzt5O3fiCIB8pMgg0BPdD0=
-33,83,RLyjE3g8bQIRrnk+sZrrv7OdQP4=,NMDejyzt5O3fiCIB8pMgg0BPdD0=
-34,83,RLyjE3g8bQIRrnk+sZrrv7OdQP4=,NMDejyzt5O3fiCIB8pMgg0BPdD0=
-35,83,RLyjE3g8bQIRrnk+sZrrv7OdQP4=,NMDejyzt5O3fiCIB8pMgg0BPdD0=
-33,84,RLyjE3g8bQIRrnk+sZrrv7OdQP4=,NMDejyzt5O3fiCIB8pMgg0BPdD0=
-35,84,RLyjE3g8bQIRrnk+sZrrv7OdQP4=,NMDejyzt5O3fiCIB8pMgg0BPdD0=
-34,84,RLyjE3g8bQIRrnk+sZrrv7OdQP4=,NMDejyzt5O3fiCIB8pMgg0BPdD0=
-36,81,RLyjE3g8bQIRrnk+sZrrv7OdQP4=,NMDejyzt5O3fiCIB8pMgg0BPdD0=
-37,81,RLyjE3g8bQIRrnk+sZrrv7OdQP4=,NMDejyzt5O3fiCIB8pMgg0BPdD0=
-36,80,RLyjE3g8bQIRrnk+sZrrv7OdQP4=,NMDejyzt5O3fiCIB8pMgg0BPdD0=
-37,80,RLyjE3g8bQIRrnk+sZrrv7OdQP4=,NMDejyzt5O3fiCIB8pMgg0BPdD0=
-37,82,RLyjE3g8bQIRrnk+sZrrv7OdQP4=,NMDejyzt5O3fiCIB8pMgg0BPdD0=
-36,82,RLyjE3g8bQIRrnk+sZrrv7OdQP4=,NMDejyzt5O3fiCIB8pMgg0BPdD0=
-39,80,RLyjE3g8bQIRrnk+sZrrv7OdQP4=,NMDejyzt5O3fiCIB8pMgg0BPdD0=
-41,81,RLyjE3g8bQIRrnk+sZrrv7OdQP4=,NMDejyzt5O3fiCIB8pMgg0BPdD0=
-40,80,RLyjE3g8bQIRrnk+sZrrv7OdQP4=,NMDejyzt5O3fiCIB8pMgg0BPdD0=
-39,82,RLyjE3g8bQIRrnk+sZrrv7OdQP4=,NMDejyzt5O3fiCIB8pMgg0BPdD0=
-38,80,RLyjE3g8bQIRrnk+sZrrv7OdQP4=,NMDejyzt5O3fiCIB8pMgg0BPdD0=
-38,82,RLyjE3g8bQIRrnk+sZrrv7OdQP4=,NMDejyzt5O3fiCIB8pMgg0BPdD0=
-42,81,RLyjE3g8bQIRrnk+sZrrv7OdQP4=,NMDejyzt5O3fiCIB8pMgg0BPdD0=
-40,82,RLyjE3g8bQIRrnk+sZrrv7OdQP4=,NMDejyzt5O3fiCIB8pMgg0BPdD0=
-43,81,RLyjE3g8bQIRrnk+sZrrv7OdQP4=,NMDejyzt5O3fiCIB8pMgg0BPdD0=
-45,80,RLyjE3g8bQIRrnk+sZrrv7OdQP4=,NMDejyzt5O3fiCIB8pMgg0BPdD0=
-41,82,RLyjE3g8bQIRrnk+sZrrv7OdQP4=,NMDejyzt5O3fiCIB8pMgg0BPdD0=
-44,81,RLyjE3g8bQIRrnk+sZrrv7OdQP4=,NMDejyzt5O3fiCIB8pMgg0BPdD0=
-42,82,RLyjE3g8bQIRrnk+sZrrv7OdQP4=,NMDejyzt5O3fiCIB8pMgg0BPdD0=
-44,80,RLyjE3g8bQIRrnk+sZrrv7OdQP4=,NMDejyzt5O3fiCIB8pMgg0BPdD0=
-43,82,RLyjE3g8bQIRrnk+sZrrv7OdQP4=,NMDejyzt5O3fiCIB8pMgg0BPdD0=
-38,81,RLyjE3g8bQIRrnk+sZrrv7OdQP4=,NMDejyzt5O3fiCIB8pMgg0BPdD0=
-44,82,RLyjE3g8bQIRrnk+sZrrv7OdQP4=,NMDejyzt5O3fiCIB8pMgg0BPdD0=
-41,80,RLyjE3g8bQIRrnk+sZrrv7OdQP4=,NMDejyzt5O3fiCIB8pMgg0BPdD0=
-40,81,RLyjE3g8bQIRrnk+sZrrv7OdQP4=,NMDejyzt5O3fiCIB8pMgg0BPdD0=
-45,82,RLyjE3g8bQIRrnk+sZrrv7OdQP4=,NMDejyzt5O3fiCIB8pMgg0BPdD0=
-42,80,RLyjE3g8bQIRrnk+sZrrv7OdQP4=,NMDejyzt5O3fiCIB8pMgg0BPdD0=
-45,81,RLyjE3g8bQIRrnk+sZrrv7OdQP4=,NMDejyzt5O3fiCIB8pMgg0BPdD0=
-39,81,RLyjE3g8bQIRrnk+sZrrv7OdQP4=,NMDejyzt5O3fiCIB8pMgg0BPdD0=
-43,80,RLyjE3g8bQIRrnk+sZrrv7OdQP4=,NMDejyzt5O3fiCIB8pMgg0BPdD0=
-48,85,RLyjE3g8bQIRrnk+sZrrv7OdQP4=,NMDejyzt5O3fiCIB8pMgg0BPdD0=
-42,87,RLyjE3g8bQIRrnk+sZrrv7OdQP4=,NMDejyzt5O3fiCIB8pMgg0BPdD0=
-38,86,RLyjE3g8bQIRrnk+sZrrv7OdQP4=,NMDejyzt5O3fiCIB8pMgg0BPdD0=
-47,85,RLyjE3g8bQIRrnk+sZrrv7OdQP4=,NMDejyzt5O3fiCIB8pMgg0BPdD0=
-48,87,RLyjE3g8bQIRrnk+sZrrv7OdQP4=,NMDejyzt5O3fiCIB8pMgg0BPdD0=
-43,87,RLyjE3g8bQIRrnk+sZrrv7OdQP4=,NMDejyzt5O3fiCIB8pMgg0BPdD0=
-41,86,RLyjE3g8bQIRrnk+sZrrv7OdQP4=,NMDejyzt5O3fiCIB8pMgg0BPdD0=
-39,86,RLyjE3g8bQIRrnk+sZrrv7OdQP4=,NMDejyzt5O3fiCIB8pMgg0BPdD0=
-42,86,RLyjE3g8bQIRrnk+sZrrv7OdQP4=,NMDejyzt5O3fiCIB8pMgg0BPdD0=
-46,85,RLyjE3g8bQIRrnk+sZrrv7OdQP4=,NMDejyzt5O3fiCIB8pMgg0BPdD0=
-43,86,RLyjE3g8bQIRrnk+sZrrv7OdQP4=,NMDejyzt5O3fiCIB8pMgg0BPdD0=
-44,86,RLyjE3g8bQIRrnk+sZrrv7OdQP4=,NMDejyzt5O3fiCIB8pMgg0BPdD0=
-41,87,RLyjE3g8bQIRrnk+sZrrv7OdQP4=,NMDejyzt5O3fiCIB8pMgg0BPdD0=
-44,87,RLyjE3g8bQIRrnk+sZrrv7OdQP4=,NMDejyzt5O3fiCIB8pMgg0BPdD0=
-45,87,RLyjE3g8bQIRrnk+sZrrv7OdQP4=,NMDejyzt5O3fiCIB8pMgg0BPdD0=
-46,87,RLyjE3g8bQIRrnk+sZrrv7OdQP4=,NMDejyzt5O3fiCIB8pMgg0BPdD0=
-45,86,RLyjE3g8bQIRrnk+sZrrv7OdQP4=,NMDejyzt5O3fiCIB8pMgg0BPdD0=
-40,86,RLyjE3g8bQIRrnk+sZrrv7OdQP4=,NMDejyzt5O3fiCIB8pMgg0BPdD0=
-38,85,RLyjE3g8bQIRrnk+sZrrv7OdQP4=,NMDejyzt5O3fiCIB8pMgg0BPdD0=
-39,85,RLyjE3g8bQIRrnk+sZrrv7OdQP4=,NMDejyzt5O3fiCIB8pMgg0BPdD0=
-38,87,RLyjE3g8bQIRrnk+sZrrv7OdQP4=,NMDejyzt5O3fiCIB8pMgg0BPdD0=
-45,85,RLyjE3g8bQIRrnk+sZrrv7OdQP4=,NMDejyzt5O3fiCIB8pMgg0BPdD0=
-40,85,RLyjE3g8bQIRrnk+sZrrv7OdQP4=,NMDejyzt5O3fiCIB8pMgg0BPdD0=
-47,87,RLyjE3g8bQIRrnk+sZrrv7OdQP4=,NMDejyzt5O3fiCIB8pMgg0BPdD0=
-40,87,RLyjE3g8bQIRrnk+sZrrv7OdQP4=,NMDejyzt5O3fiCIB8pMgg0BPdD0=
-39,87,RLyjE3g8bQIRrnk+sZrrv7OdQP4=,NMDejyzt5O3fiCIB8pMgg0BPdD0=
-42,85,RLyjE3g8bQIRrnk+sZrrv7OdQP4=,NMDejyzt5O3fiCIB8pMgg0BPdD0=
-41,85,RLyjE3g8bQIRrnk+sZrrv7OdQP4=,NMDejyzt5O3fiCIB8pMgg0BPdD0=
-43,85,RLyjE3g8bQIRrnk+sZrrv7OdQP4=,NMDejyzt5O3fiCIB8pMgg0BPdD0=
-46,86,RLyjE3g8bQIRrnk+sZrrv7OdQP4=,NMDejyzt5O3fiCIB8pMgg0BPdD0=
-47,86,RLyjE3g8bQIRrnk+sZrrv7OdQP4=,NMDejyzt5O3fiCIB8pMgg0BPdD0=
-44,85,RLyjE3g8bQIRrnk+sZrrv7OdQP4=,NMDejyzt5O3fiCIB8pMgg0BPdD0=
-48,86,RLyjE3g8bQIRrnk+sZrrv7OdQP4=,NMDejyzt5O3fiCIB8pMgg0BPdD0=
-48,80,RLyjE3g8bQIRrnk+sZrrv7OdQP4=,NMDejyzt5O3fiCIB8pMgg0BPdD0=
-46,82,RLyjE3g8bQIRrnk+sZrrv7OdQP4=,NMDejyzt5O3fiCIB8pMgg0BPdD0=
-47,81,RLyjE3g8bQIRrnk+sZrrv7OdQP4=,NMDejyzt5O3fiCIB8pMgg0BPdD0=
-46,81,RLyjE3g8bQIRrnk+sZrrv7OdQP4=,NMDejyzt5O3fiCIB8pMgg0BPdD0=
-48,82,RLyjE3g8bQIRrnk+sZrrv7OdQP4=,NMDejyzt5O3fiCIB8pMgg0BPdD0=
-47,80,RLyjE3g8bQIRrnk+sZrrv7OdQP4=,NMDejyzt5O3fiCIB8pMgg0BPdD0=
-48,81,RLyjE3g8bQIRrnk+sZrrv7OdQP4=,NMDejyzt5O3fiCIB8pMgg0BPdD0=
-46,80,RLyjE3g8bQIRrnk+sZrrv7OdQP4=,NMDejyzt5O3fiCIB8pMgg0BPdD0=
-47,82,RLyjE3g8bQIRrnk+sZrrv7OdQP4=,NMDejyzt5O3fiCIB8pMgg0BPdD0=
-35,82,RLyjE3g8bQIRrnk+sZrrv7OdQP4=,NMDejyzt5O3fiCIB8pMgg0BPdD0=
-35,80,RLyjE3g8bQIRrnk+sZrrv7OdQP4=,NMDejyzt5O3fiCIB8pMgg0BPdD0=
-33,82,RLyjE3g8bQIRrnk+sZrrv7OdQP4=,NMDejyzt5O3fiCIB8pMgg0BPdD0=
-34,82,RLyjE3g8bQIRrnk+sZrrv7OdQP4=,NMDejyzt5O3fiCIB8pMgg0BPdD0=
-34,80,RLyjE3g8bQIRrnk+sZrrv7OdQP4=,NMDejyzt5O3fiCIB8pMgg0BPdD0=
-33,80,RLyjE3g8bQIRrnk+sZrrv7OdQP4=,NMDejyzt5O3fiCIB8pMgg0BPdD0=
-34,81,RLyjE3g8bQIRrnk+sZrrv7OdQP4=,NMDejyzt5O3fiCIB8pMgg0BPdD0=
-33,81,RLyjE3g8bQIRrnk+sZrrv7OdQP4=,NMDejyzt5O3fiCIB8pMgg0BPdD0=
-35,81,RLyjE3g8bQIRrnk+sZrrv7OdQP4=,NMDejyzt5O3fiCIB8pMgg0BPdD0=
-45,75,lkD6J66aM2wUgj9vujZK0hE9vIY=,NMDejyzt5O3fiCIB8pMgg0BPdD0=
-44,75,lkD6J66aM2wUgj9vujZK0hE9vIY=,NMDejyzt5O3fiCIB8pMgg0BPdD0=
-45,76,lkD6J66aM2wUgj9vujZK0hE9vIY=,NMDejyzt5O3fiCIB8pMgg0BPdD0=
-44,76,lkD6J66aM2wUgj9vujZK0hE9vIY=,NMDejyzt5O3fiCIB8pMgg0BPdD0=
-45,67,lkD6J66aM2wUgj9vujZK0hE9vIY=,NMDejyzt5O3fiCIB8pMgg0BPdD0=
-44,67,lkD6J66aM2wUgj9vujZK0hE9vIY=,NMDejyzt5O3fiCIB8pMgg0BPdD0=
-45,72,lkD6J66aM2wUgj9vujZK0hE9vIY=,NMDejyzt5O3fiCIB8pMgg0BPdD0=
-45,74,lkD6J66aM2wUgj9vujZK0hE9vIY=,NMDejyzt5O3fiCIB8pMgg0BPdD0=
-43,67,lkD6J66aM2wUgj9vujZK0hE9vIY=,NMDejyzt5O3fiCIB8pMgg0BPdD0=
-44,72,lkD6J66aM2wUgj9vujZK0hE9vIY=,NMDejyzt5O3fiCIB8pMgg0BPdD0=
-44,74,lkD6J66aM2wUgj9vujZK0hE9vIY=,NMDejyzt5O3fiCIB8pMgg0BPdD0=
-42,67,lkD6J66aM2wUgj9vujZK0hE9vIY=,NMDejyzt5O3fiCIB8pMgg0BPdD0=
-41,67,lkD6J66aM2wUgj9vujZK0hE9vIY=,NMDejyzt5O3fiCIB8pMgg0BPdD0=
-45,70,lkD6J66aM2wUgj9vujZK0hE9vIY=,NMDejyzt5O3fiCIB8pMgg0BPdD0=
-44,70,lkD6J66aM2wUgj9vujZK0hE9vIY=,NMDejyzt5O3fiCIB8pMgg0BPdD0=
-45,68,lkD6J66aM2wUgj9vujZK0hE9vIY=,NMDejyzt5O3fiCIB8pMgg0BPdD0=
-40,67,lkD6J66aM2wUgj9vujZK0hE9vIY=,NMDejyzt5O3fiCIB8pMgg0BPdD0=
-44,68,lkD6J66aM2wUgj9vujZK0hE9vIY=,NMDejyzt5O3fiCIB8pMgg0BPdD0=
-39,67,lkD6J66aM2wUgj9vujZK0hE9vIY=,NMDejyzt5O3fiCIB8pMgg0BPdD0=
-38,67,lkD6J66aM2wUgj9vujZK0hE9vIY=,NMDejyzt5O3fiCIB8pMgg0BPdD0=
-36,68,lkD6J66aM2wUgj9vujZK0hE9vIY=,NMDejyzt5O3fiCIB8pMgg0BPdD0=
-37,68,lkD6J66aM2wUgj9vujZK0hE9vIY=,NMDejyzt5O3fiCIB8pMgg0BPdD0=
-37,67,lkD6J66aM2wUgj9vujZK0hE9vIY=,NMDejyzt5O3fiCIB8pMgg0BPdD0=
-36,67,lkD6J66aM2wUgj9vujZK0hE9vIY=,NMDejyzt5O3fiCIB8pMgg0BPdD0=
-43,68,lkD6J66aM2wUgj9vujZK0hE9vIY=,NMDejyzt5O3fiCIB8pMgg0BPdD0=
-45,73,lkD6J66aM2wUgj9vujZK0hE9vIY=,NMDejyzt5O3fiCIB8pMgg0BPdD0=
-42,68,lkD6J66aM2wUgj9vujZK0hE9vIY=,NMDejyzt5O3fiCIB8pMgg0BPdD0=
-42,73,lkD6J66aM2wUgj9vujZK0hE9vIY=,NMDejyzt5O3fiCIB8pMgg0BPdD0=
-41,68,lkD6J66aM2wUgj9vujZK0hE9vIY=,NMDejyzt5O3fiCIB8pMgg0BPdD0=
-45,71,lkD6J66aM2wUgj9vujZK0hE9vIY=,NMDejyzt5O3fiCIB8pMgg0BPdD0=
-40,68,lkD6J66aM2wUgj9vujZK0hE9vIY=,NMDejyzt5O3fiCIB8pMgg0BPdD0=
-44,71,lkD6J66aM2wUgj9vujZK0hE9vIY=,NMDejyzt5O3fiCIB8pMgg0BPdD0=
-45,69,lkD6J66aM2wUgj9vujZK0hE9vIY=,NMDejyzt5O3fiCIB8pMgg0BPdD0=
-39,68,lkD6J66aM2wUgj9vujZK0hE9vIY=,NMDejyzt5O3fiCIB8pMgg0BPdD0=
-44,69,lkD6J66aM2wUgj9vujZK0hE9vIY=,NMDejyzt5O3fiCIB8pMgg0BPdD0=
-38,68,lkD6J66aM2wUgj9vujZK0hE9vIY=,NMDejyzt5O3fiCIB8pMgg0BPdD0=
-44,73,lkD6J66aM2wUgj9vujZK0hE9vIY=,NMDejyzt5O3fiCIB8pMgg0BPdD0=
-36,70,lkD6J66aM2wUgj9vujZK0hE9vIY=,NMDejyzt5O3fiCIB8pMgg0BPdD0=
-36,74,lkD6J66aM2wUgj9vujZK0hE9vIY=,NMDejyzt5O3fiCIB8pMgg0BPdD0=
-43,76,lkD6J66aM2wUgj9vujZK0hE9vIY=,NMDejyzt5O3fiCIB8pMgg0BPdD0=
-41,71,lkD6J66aM2wUgj9vujZK0hE9vIY=,NMDejyzt5O3fiCIB8pMgg0BPdD0=
-43,73,lkD6J66aM2wUgj9vujZK0hE9vIY=,NMDejyzt5O3fiCIB8pMgg0BPdD0=
-41,69,lkD6J66aM2wUgj9vujZK0hE9vIY=,NMDejyzt5O3fiCIB8pMgg0BPdD0=
-42,69,lkD6J66aM2wUgj9vujZK0hE9vIY=,NMDejyzt5O3fiCIB8pMgg0BPdD0=
-37,74,lkD6J66aM2wUgj9vujZK0hE9vIY=,NMDejyzt5O3fiCIB8pMgg0BPdD0=
-42,71,lkD6J66aM2wUgj9vujZK0hE9vIY=,NMDejyzt5O3fiCIB8pMgg0BPdD0=
-38,74,lkD6J66aM2wUgj9vujZK0hE9vIY=,NMDejyzt5O3fiCIB8pMgg0BPdD0=
-42,76,lkD6J66aM2wUgj9vujZK0hE9vIY=,NMDejyzt5O3fiCIB8pMgg0BPdD0=
-41,73,F3tKyftHeyvXizywqiY2Rt1qNVI=,NMDejyzt5O3fiCIB8pMgg0BPdD0=
-41,76,F3tKyftHeyvXizywqiY2Rt1qNVI=,NMDejyzt5O3fiCIB8pMgg0BPdD0=
-40,75,F3tKyftHeyvXizywqiY2Rt1qNVI=,NMDejyzt5O3fiCIB8pMgg0BPdD0=
-39,75,F3tKyftHeyvXizywqiY2Rt1qNVI=,NMDejyzt5O3fiCIB8pMgg0BPdD0=
-38,75,F3tKyftHeyvXizywqiY2Rt1qNVI=,NMDejyzt5O3fiCIB8pMgg0BPdD0=
-37,75,F3tKyftHeyvXizywqiY2Rt1qNVI=,NMDejyzt5O3fiCIB8pMgg0BPdD0=
-40,69,F3tKyftHeyvXizywqiY2Rt1qNVI=,NMDejyzt5O3fiCIB8pMgg0BPdD0=
-39,69,F3tKyftHeyvXizywqiY2Rt1qNVI=,NMDejyzt5O3fiCIB8pMgg0BPdD0=
-36,75,F3tKyftHeyvXizywqiY2Rt1qNVI=,NMDejyzt5O3fiCIB8pMgg0BPdD0=
-40,76,F3tKyftHeyvXizywqiY2Rt1qNVI=,NMDejyzt5O3fiCIB8pMgg0BPdD0=
-39,76,F3tKyftHeyvXizywqiY2Rt1qNVI=,NMDejyzt5O3fiCIB8pMgg0BPdD0=
-38,76,F3tKyftHeyvXizywqiY2Rt1qNVI=,NMDejyzt5O3fiCIB8pMgg0BPdD0=
-37,76,F3tKyftHeyvXizywqiY2Rt1qNVI=,NMDejyzt5O3fiCIB8pMgg0BPdD0=
-40,72,F3tKyftHeyvXizywqiY2Rt1qNVI=,NMDejyzt5O3fiCIB8pMgg0BPdD0=
-38,69,F3tKyftHeyvXizywqiY2Rt1qNVI=,NMDejyzt5O3fiCIB8pMgg0BPdD0=
-36,76,F3tKyftHeyvXizywqiY2Rt1qNVI=,NMDejyzt5O3fiCIB8pMgg0BPdD0=
-39,72,F3tKyftHeyvXizywqiY2Rt1qNVI=,NMDejyzt5O3fiCIB8pMgg0BPdD0=
-40,71,F3tKyftHeyvXizywqiY2Rt1qNVI=,NMDejyzt5O3fiCIB8pMgg0BPdD0=
-39,71,F3tKyftHeyvXizywqiY2Rt1qNVI=,NMDejyzt5O3fiCIB8pMgg0BPdD0=
-37,69,F3tKyftHeyvXizywqiY2Rt1qNVI=,NMDejyzt5O3fiCIB8pMgg0BPdD0=
-38,72,F3tKyftHeyvXizywqiY2Rt1qNVI=,NMDejyzt5O3fiCIB8pMgg0BPdD0=
-36,69,F3tKyftHeyvXizywqiY2Rt1qNVI=,NMDejyzt5O3fiCIB8pMgg0BPdD0=
-40,70,F3tKyftHeyvXizywqiY2Rt1qNVI=,NMDejyzt5O3fiCIB8pMgg0BPdD0=
-39,70,F3tKyftHeyvXizywqiY2Rt1qNVI=,NMDejyzt5O3fiCIB8pMgg0BPdD0=
-38,71,F3tKyftHeyvXizywqiY2Rt1qNVI=,NMDejyzt5O3fiCIB8pMgg0BPdD0=
-38,70,F3tKyftHeyvXizywqiY2Rt1qNVI=,NMDejyzt5O3fiCIB8pMgg0BPdD0=
-37,70,F3tKyftHeyvXizywqiY2Rt1qNVI=,NMDejyzt5O3fiCIB8pMgg0BPdD0=
-37,72,F3tKyftHeyvXizywqiY2Rt1qNVI=,NMDejyzt5O3fiCIB8pMgg0BPdD0=
-37,71,F3tKyftHeyvXizywqiY2Rt1qNVI=,NMDejyzt5O3fiCIB8pMgg0BPdD0=
-36,72,F3tKyftHeyvXizywqiY2Rt1qNVI=,NMDejyzt5O3fiCIB8pMgg0BPdD0=
-43,74,F3tKyftHeyvXizywqiY2Rt1qNVI=,NMDejyzt5O3fiCIB8pMgg0BPdD0=
-42,74,F3tKyftHeyvXizywqiY2Rt1qNVI=,NMDejyzt5O3fiCIB8pMgg0BPdD0=
-41,74,F3tKyftHeyvXizywqiY2Rt1qNVI=,NMDejyzt5O3fiCIB8pMgg0BPdD0=
-43,72,F3tKyftHeyvXizywqiY2Rt1qNVI=,NMDejyzt5O3fiCIB8pMgg0BPdD0=
-42,72,F3tKyftHeyvXizywqiY2Rt1qNVI=,NMDejyzt5O3fiCIB8pMgg0BPdD0=
-43,70,F3tKyftHeyvXizywqiY2Rt1qNVI=,NMDejyzt5O3fiCIB8pMgg0BPdD0=
-43,75,F3tKyftHeyvXizywqiY2Rt1qNVI=,NMDejyzt5O3fiCIB8pMgg0BPdD0=
-42,75,F3tKyftHeyvXizywqiY2Rt1qNVI=,NMDejyzt5O3fiCIB8pMgg0BPdD0=
-41,72,F3tKyftHeyvXizywqiY2Rt1qNVI=,NMDejyzt5O3fiCIB8pMgg0BPdD0=
-41,75,F3tKyftHeyvXizywqiY2Rt1qNVI=,NMDejyzt5O3fiCIB8pMgg0BPdD0=
-34,68,F3tKyftHeyvXizywqiY2Rt1qNVI=,NMDejyzt5O3fiCIB8pMgg0BPdD0=
-36,71,F3tKyftHeyvXizywqiY2Rt1qNVI=,NMDejyzt5O3fiCIB8pMgg0BPdD0=
-40,73,F3tKyftHeyvXizywqiY2Rt1qNVI=,NMDejyzt5O3fiCIB8pMgg0BPdD0=
-39,73,F3tKyftHeyvXizywqiY2Rt1qNVI=,NMDejyzt5O3fiCIB8pMgg0BPdD0=
-43,71,F3tKyftHeyvXizywqiY2Rt1qNVI=,NMDejyzt5O3fiCIB8pMgg0BPdD0=
-33,68,F3tKyftHeyvXizywqiY2Rt1qNVI=,NMDejyzt5O3fiCIB8pMgg0BPdD0=
-38,73,F3tKyftHeyvXizywqiY2Rt1qNVI=,NMDejyzt5O3fiCIB8pMgg0BPdD0=
-39,74,F3tKyftHeyvXizywqiY2Rt1qNVI=,NMDejyzt5O3fiCIB8pMgg0BPdD0=
-37,73,F3tKyftHeyvXizywqiY2Rt1qNVI=,NMDejyzt5O3fiCIB8pMgg0BPdD0=
-36,73,F3tKyftHeyvXizywqiY2Rt1qNVI=,NMDejyzt5O3fiCIB8pMgg0BPdD0=
-35,67,F3tKyftHeyvXizywqiY2Rt1qNVI=,NMDejyzt5O3fiCIB8pMgg0BPdD0=
-34,67,F3tKyftHeyvXizywqiY2Rt1qNVI=,NMDejyzt5O3fiCIB8pMgg0BPdD0=
-42,70,F3tKyftHeyvXizywqiY2Rt1qNVI=,NMDejyzt5O3fiCIB8pMgg0BPdD0=
-41,70,F3tKyftHeyvXizywqiY2Rt1qNVI=,NMDejyzt5O3fiCIB8pMgg0BPdD0=
-40,74,F3tKyftHeyvXizywqiY2Rt1qNVI=,NMDejyzt5O3fiCIB8pMgg0BPdD0=
-43,69,F3tKyftHeyvXizywqiY2Rt1qNVI=,NMDejyzt5O3fiCIB8pMgg0BPdD0=
-33,67,F3tKyftHeyvXizywqiY2Rt1qNVI=,NMDejyzt5O3fiCIB8pMgg0BPdD0=
-35,68,F3tKyftHeyvXizywqiY2Rt1qNVI=,NMDejyzt5O3fiCIB8pMgg0BPdD0=
-34,74,F3tKyftHeyvXizywqiY2Rt1qNVI=,NMDejyzt5O3fiCIB8pMgg0BPdD0=
-33,74,F3tKyftHeyvXizywqiY2Rt1qNVI=,NMDejyzt5O3fiCIB8pMgg0BPdD0=
-34,70,F3tKyftHeyvXizywqiY2Rt1qNVI=,NMDejyzt5O3fiCIB8pMgg0BPdD0=
-33,70,F3tKyftHeyvXizywqiY2Rt1qNVI=,NMDejyzt5O3fiCIB8pMgg0BPdD0=
-35,75,F3tKyftHeyvXizywqiY2Rt1qNVI=,NMDejyzt5O3fiCIB8pMgg0BPdD0=
-34,75,F3tKyftHeyvXizywqiY2Rt1qNVI=,NMDejyzt5O3fiCIB8pMgg0BPdD0=
-33,75,F3tKyftHeyvXizywqiY2Rt1qNVI=,NMDejyzt5O3fiCIB8pMgg0BPdD0=
-35,76,F3tKyftHeyvXizywqiY2Rt1qNVI=,NMDejyzt5O3fiCIB8pMgg0BPdD0=
-34,76,F3tKyftHeyvXizywqiY2Rt1qNVI=,NMDejyzt5O3fiCIB8pMgg0BPdD0=
-35,69,F3tKyftHeyvXizywqiY2Rt1qNVI=,NMDejyzt5O3fiCIB8pMgg0BPdD0=
-33,76,F3tKyftHeyvXizywqiY2Rt1qNVI=,NMDejyzt5O3fiCIB8pMgg0BPdD0=
-34,69,F3tKyftHeyvXizywqiY2Rt1qNVI=,NMDejyzt5O3fiCIB8pMgg0BPdD0=
-34,66,F3tKyftHeyvXizywqiY2Rt1qNVI=,NMDejyzt5O3fiCIB8pMgg0BPdD0=
-33,66,F3tKyftHeyvXizywqiY2Rt1qNVI=,NMDejyzt5O3fiCIB8pMgg0BPdD0=
-37,64,F3tKyftHeyvXizywqiY2Rt1qNVI=,NMDejyzt5O3fiCIB8pMgg0BPdD0=
-33,69,F3tKyftHeyvXizywqiY2Rt1qNVI=,NMDejyzt5O3fiCIB8pMgg0BPdD0=
-35,72,F3tKyftHeyvXizywqiY2Rt1qNVI=,NMDejyzt5O3fiCIB8pMgg0BPdD0=
-34,72,F3tKyftHeyvXizywqiY2Rt1qNVI=,NMDejyzt5O3fiCIB8pMgg0BPdD0=
-33,72,F3tKyftHeyvXizywqiY2Rt1qNVI=,NMDejyzt5O3fiCIB8pMgg0BPdD0=
-35,71,F3tKyftHeyvXizywqiY2Rt1qNVI=,NMDejyzt5O3fiCIB8pMgg0BPdD0=
-35,73,F3tKyftHeyvXizywqiY2Rt1qNVI=,NMDejyzt5O3fiCIB8pMgg0BPdD0=
-34,73,F3tKyftHeyvXizywqiY2Rt1qNVI=,NMDejyzt5O3fiCIB8pMgg0BPdD0=
-33,73,F3tKyftHeyvXizywqiY2Rt1qNVI=,NMDejyzt5O3fiCIB8pMgg0BPdD0=
-36,64,F3tKyftHeyvXizywqiY2Rt1qNVI=,NMDejyzt5O3fiCIB8pMgg0BPdD0=
-35,64,F3tKyftHeyvXizywqiY2Rt1qNVI=,NMDejyzt5O3fiCIB8pMgg0BPdD0=
-34,64,F3tKyftHeyvXizywqiY2Rt1qNVI=,NMDejyzt5O3fiCIB8pMgg0BPdD0=
-34,71,F3tKyftHeyvXizywqiY2Rt1qNVI=,NMDejyzt5O3fiCIB8pMgg0BPdD0=
-33,64,F3tKyftHeyvXizywqiY2Rt1qNVI=,NMDejyzt5O3fiCIB8pMgg0BPdD0=
-35,70,F3tKyftHeyvXizywqiY2Rt1qNVI=,NMDejyzt5O3fiCIB8pMgg0BPdD0=
-33,71,F3tKyftHeyvXizywqiY2Rt1qNVI=,NMDejyzt5O3fiCIB8pMgg0BPdD0=
-37,65,F3tKyftHeyvXizywqiY2Rt1qNVI=,NMDejyzt5O3fiCIB8pMgg0BPdD0=
-35,74,F3tKyftHeyvXizywqiY2Rt1qNVI=,NMDejyzt5O3fiCIB8pMgg0BPdD0=
-36,65,F3tKyftHeyvXizywqiY2Rt1qNVI=,NMDejyzt5O3fiCIB8pMgg0BPdD0=
-35,65,F3tKyftHeyvXizywqiY2Rt1qNVI=,NMDejyzt5O3fiCIB8pMgg0BPdD0=
-34,65,F3tKyftHeyvXizywqiY2Rt1qNVI=,NMDejyzt5O3fiCIB8pMgg0BPdD0=
-33,65,F3tKyftHeyvXizywqiY2Rt1qNVI=,NMDejyzt5O3fiCIB8pMgg0BPdD0=
-37,66,F3tKyftHeyvXizywqiY2Rt1qNVI=,NMDejyzt5O3fiCIB8pMgg0BPdD0=
-36,66,F3tKyftHeyvXizywqiY2Rt1qNVI=,NMDejyzt5O3fiCIB8pMgg0BPdD0=
-35,66,F3tKyftHeyvXizywqiY2Rt1qNVI=,NMDejyzt5O3fiCIB8pMgg0BPdD0=
-45,66,F3tKyftHeyvXizywqiY2Rt1qNVI=,NMDejyzt5O3fiCIB8pMgg0BPdD0=
-44,66,F3tKyftHeyvXizywqiY2Rt1qNVI=,NMDejyzt5O3fiCIB8pMgg0BPdD0=
-43,66,lchkbZpod+r3LSwejH1K7+NAVGY=,NMDejyzt5O3fiCIB8pMgg0BPdD0=
-42,66,lchkbZpod+r3LSwejH1K7+NAVGY=,NMDejyzt5O3fiCIB8pMgg0BPdD0=
-41,66,lchkbZpod+r3LSwejH1K7+NAVGY=,NMDejyzt5O3fiCIB8pMgg0BPdD0=
-45,65,lchkbZpod+r3LSwejH1K7+NAVGY=,NMDejyzt5O3fiCIB8pMgg0BPdD0=
-44,65,lchkbZpod+r3LSwejH1K7+NAVGY=,NMDejyzt5O3fiCIB8pMgg0BPdD0=
-43,65,lchkbZpod+r3LSwejH1K7+NAVGY=,NMDejyzt5O3fiCIB8pMgg0BPdD0=
-39,66,lchkbZpod+r3LSwejH1K7+NAVGY=,NMDejyzt5O3fiCIB8pMgg0BPdD0=
-42,65,lchkbZpod+r3LSwejH1K7+NAVGY=,NMDejyzt5O3fiCIB8pMgg0BPdD0=
-38,66,lchkbZpod+r3LSwejH1K7+NAVGY=,NMDejyzt5O3fiCIB8pMgg0BPdD0=
-41,65,lchkbZpod+r3LSwejH1K7+NAVGY=,NMDejyzt5O3fiCIB8pMgg0BPdD0=
-45,64,lchkbZpod+r3LSwejH1K7+NAVGY=,NMDejyzt5O3fiCIB8pMgg0BPdD0=
-44,64,lchkbZpod+r3LSwejH1K7+NAVGY=,NMDejyzt5O3fiCIB8pMgg0BPdD0=
-43,64,lchkbZpod+r3LSwejH1K7+NAVGY=,NMDejyzt5O3fiCIB8pMgg0BPdD0=
-40,64,lchkbZpod+r3LSwejH1K7+NAVGY=,NMDejyzt5O3fiCIB8pMgg0BPdD0=
-39,64,lchkbZpod+r3LSwejH1K7+NAVGY=,NMDejyzt5O3fiCIB8pMgg0BPdD0=
-38,64,lchkbZpod+r3LSwejH1K7+NAVGY=,NMDejyzt5O3fiCIB8pMgg0BPdD0=
-42,64,lchkbZpod+r3LSwejH1K7+NAVGY=,NMDejyzt5O3fiCIB8pMgg0BPdD0=
-41,64,lchkbZpod+r3LSwejH1K7+NAVGY=,NMDejyzt5O3fiCIB8pMgg0BPdD0=
-38,65,lchkbZpod+r3LSwejH1K7+NAVGY=,NMDejyzt5O3fiCIB8pMgg0BPdD0=
-40,66,lchkbZpod+r3LSwejH1K7+NAVGY=,NMDejyzt5O3fiCIB8pMgg0BPdD0=
-39,65,lchkbZpod+r3LSwejH1K7+NAVGY=,NMDejyzt5O3fiCIB8pMgg0BPdD0=
-40,65,lchkbZpod+r3LSwejH1K7+NAVGY=,NMDejyzt5O3fiCIB8pMgg0BPdD0=
-46,66,lchkbZpod+r3LSwejH1K7+NAVGY=,NMDejyzt5O3fiCIB8pMgg0BPdD0=
-47,66,lchkbZpod+r3LSwejH1K7+NAVGY=,NMDejyzt5O3fiCIB8pMgg0BPdD0=
-48,66,lchkbZpod+r3LSwejH1K7+NAVGY=,NMDejyzt5O3fiCIB8pMgg0BPdD0=
-47,65,lchkbZpod+r3LSwejH1K7+NAVGY=,NMDejyzt5O3fiCIB8pMgg0BPdD0=
-46,65,lchkbZpod+r3LSwejH1K7+NAVGY=,NMDejyzt5O3fiCIB8pMgg0BPdD0=
-48,67,lchkbZpod+r3LSwejH1K7+NAVGY=,NMDejyzt5O3fiCIB8pMgg0BPdD0=
-47,67,lchkbZpod+r3LSwejH1K7+NAVGY=,NMDejyzt5O3fiCIB8pMgg0BPdD0=
-46,67,lchkbZpod+r3LSwejH1K7+NAVGY=,NMDejyzt5O3fiCIB8pMgg0BPdD0=
-48,64,lchkbZpod+r3LSwejH1K7+NAVGY=,NMDejyzt5O3fiCIB8pMgg0BPdD0=
-47,64,lchkbZpod+r3LSwejH1K7+NAVGY=,NMDejyzt5O3fiCIB8pMgg0BPdD0=
-48,65,lchkbZpod+r3LSwejH1K7+NAVGY=,NMDejyzt5O3fiCIB8pMgg0BPdD0=
-46,64,lchkbZpod+r3LSwejH1K7+NAVGY=,NMDejyzt5O3fiCIB8pMgg0BPdD0=
-45,77,lchkbZpod+r3LSwejH1K7+NAVGY=,NMDejyzt5O3fiCIB8pMgg0BPdD0=
-48,68,lchkbZpod+r3LSwejH1K7+NAVGY=,NMDejyzt5O3fiCIB8pMgg0BPdD0=
-44,77,lchkbZpod+r3LSwejH1K7+NAVGY=,NMDejyzt5O3fiCIB8pMgg0BPdD0=
-45,79,lchkbZpod+r3LSwejH1K7+NAVGY=,NMDejyzt5O3fiCIB8pMgg0BPdD0=
-44,79,lchkbZpod+r3LSwejH1K7+NAVGY=,NMDejyzt5O3fiCIB8pMgg0BPdD0=
-47,68,lchkbZpod+r3LSwejH1K7+NAVGY=,NMDejyzt5O3fiCIB8pMgg0BPdD0=
-46,68,lchkbZpod+r3LSwejH1K7+NAVGY=,NMDejyzt5O3fiCIB8pMgg0BPdD0=
-43,77,lchkbZpod+r3LSwejH1K7+NAVGY=,NMDejyzt5O3fiCIB8pMgg0BPdD0=
-45,78,lchkbZpod+r3LSwejH1K7+NAVGY=,NMDejyzt5O3fiCIB8pMgg0BPdD0=
-42,78,lchkbZpod+r3LSwejH1K7+NAVGY=,NMDejyzt5O3fiCIB8pMgg0BPdD0=
-41,78,lchkbZpod+r3LSwejH1K7+NAVGY=,NMDejyzt5O3fiCIB8pMgg0BPdD0=
-43,78,lchkbZpod+r3LSwejH1K7+NAVGY=,NMDejyzt5O3fiCIB8pMgg0BPdD0=
-41,79,lchkbZpod+r3LSwejH1K7+NAVGY=,NMDejyzt5O3fiCIB8pMgg0BPdD0=
-40,77,lchkbZpod+r3LSwejH1K7+NAVGY=,NMDejyzt5O3fiCIB8pMgg0BPdD0=
-42,79,lchkbZpod+r3LSwejH1K7+NAVGY=,NMDejyzt5O3fiCIB8pMgg0BPdD0=
-44,78,lchkbZpod+r3LSwejH1K7+NAVGY=,NMDejyzt5O3fiCIB8pMgg0BPdD0=
-36,79,lchkbZpod+r3LSwejH1K7+NAVGY=,NMDejyzt5O3fiCIB8pMgg0BPdD0=
-37,79,lchkbZpod+r3LSwejH1K7+NAVGY=,NMDejyzt5O3fiCIB8pMgg0BPdD0=
-41,77,lchkbZpod+r3LSwejH1K7+NAVGY=,NMDejyzt5O3fiCIB8pMgg0BPdD0=
-43,79,lchkbZpod+r3LSwejH1K7+NAVGY=,NMDejyzt5O3fiCIB8pMgg0BPdD0=
-39,77,lchkbZpod+r3LSwejH1K7+NAVGY=,NMDejyzt5O3fiCIB8pMgg0BPdD0=
-38,79,lchkbZpod+r3LSwejH1K7+NAVGY=,NMDejyzt5O3fiCIB8pMgg0BPdD0=
-39,79,lchkbZpod+r3LSwejH1K7+NAVGY=,NMDejyzt5O3fiCIB8pMgg0BPdD0=
-42,77,lchkbZpod+r3LSwejH1K7+NAVGY=,NMDejyzt5O3fiCIB8pMgg0BPdD0=
-38,77,lchkbZpod+r3LSwejH1K7+NAVGY=,NMDejyzt5O3fiCIB8pMgg0BPdD0=
-40,79,lchkbZpod+r3LSwejH1K7+NAVGY=,NMDejyzt5O3fiCIB8pMgg0BPdD0=
-36,78,lchkbZpod+r3LSwejH1K7+NAVGY=,NMDejyzt5O3fiCIB8pMgg0BPdD0=
-39,78,lchkbZpod+r3LSwejH1K7+NAVGY=,NMDejyzt5O3fiCIB8pMgg0BPdD0=
-40,78,lchkbZpod+r3LSwejH1K7+NAVGY=,NMDejyzt5O3fiCIB8pMgg0BPdD0=
-38,78,lchkbZpod+r3LSwejH1K7+NAVGY=,NMDejyzt5O3fiCIB8pMgg0BPdD0=
-36,77,lchkbZpod+r3LSwejH1K7+NAVGY=,NMDejyzt5O3fiCIB8pMgg0BPdD0=
-37,77,lchkbZpod+r3LSwejH1K7+NAVGY=,NMDejyzt5O3fiCIB8pMgg0BPdD0=
-37,78,lchkbZpod+r3LSwejH1K7+NAVGY=,NMDejyzt5O3fiCIB8pMgg0BPdD0=
-48,70,lchkbZpod+r3LSwejH1K7+NAVGY=,NMDejyzt5O3fiCIB8pMgg0BPdD0=
-46,70,lchkbZpod+r3LSwejH1K7+NAVGY=,NMDejyzt5O3fiCIB8pMgg0BPdD0=
-47,72,lchkbZpod+r3LSwejH1K7+NAVGY=,NMDejyzt5O3fiCIB8pMgg0BPdD0=
-47,71,lchkbZpod+r3LSwejH1K7+NAVGY=,NMDejyzt5O3fiCIB8pMgg0BPdD0=
-48,72,lchkbZpod+r3LSwejH1K7+NAVGY=,NMDejyzt5O3fiCIB8pMgg0BPdD0=
-48,69,lchkbZpod+r3LSwejH1K7+NAVGY=,NMDejyzt5O3fiCIB8pMgg0BPdD0=
-47,70,lchkbZpod+r3LSwejH1K7+NAVGY=,NMDejyzt5O3fiCIB8pMgg0BPdD0=
-48,71,lchkbZpod+r3LSwejH1K7+NAVGY=,NMDejyzt5O3fiCIB8pMgg0BPdD0=
-47,76,lchkbZpod+r3LSwejH1K7+NAVGY=,NMDejyzt5O3fiCIB8pMgg0BPdD0=
-46,71,lchkbZpod+r3LSwejH1K7+NAVGY=,NMDejyzt5O3fiCIB8pMgg0BPdD0=
-46,73,lchkbZpod+r3LSwejH1K7+NAVGY=,NMDejyzt5O3fiCIB8pMgg0BPdD0=
-48,76,lchkbZpod+r3LSwejH1K7+NAVGY=,NMDejyzt5O3fiCIB8pMgg0BPdD0=
-46,76,lchkbZpod+r3LSwejH1K7+NAVGY=,NMDejyzt5O3fiCIB8pMgg0BPdD0=
-47,69,lchkbZpod+r3LSwejH1K7+NAVGY=,NMDejyzt5O3fiCIB8pMgg0BPdD0=
-46,72,lchkbZpod+r3LSwejH1K7+NAVGY=,NMDejyzt5O3fiCIB8pMgg0BPdD0=
-46,69,lchkbZpod+r3LSwejH1K7+NAVGY=,NMDejyzt5O3fiCIB8pMgg0BPdD0=
-46,75,lchkbZpod+r3LSwejH1K7+NAVGY=,NMDejyzt5O3fiCIB8pMgg0BPdD0=
-47,75,lchkbZpod+r3LSwejH1K7+NAVGY=,NMDejyzt5O3fiCIB8pMgg0BPdD0=
-47,74,lchkbZpod+r3LSwejH1K7+NAVGY=,NMDejyzt5O3fiCIB8pMgg0BPdD0=
-48,73,lchkbZpod+r3LSwejH1K7+NAVGY=,NMDejyzt5O3fiCIB8pMgg0BPdD0=
-48,74,lchkbZpod+r3LSwejH1K7+NAVGY=,NMDejyzt5O3fiCIB8pMgg0BPdD0=
-46,74,lchkbZpod+r3LSwejH1K7+NAVGY=,NMDejyzt5O3fiCIB8pMgg0BPdD0=
-47,73,lchkbZpod+r3LSwejH1K7+NAVGY=,NMDejyzt5O3fiCIB8pMgg0BPdD0=
-48,75,lchkbZpod+r3LSwejH1K7+NAVGY=,NMDejyzt5O3fiCIB8pMgg0BPdD0=
-48,79,lchkbZpod+r3LSwejH1K7+NAVGY=,NMDejyzt5O3fiCIB8pMgg0BPdD0=
-46,79,lchkbZpod+r3LSwejH1K7+NAVGY=,NMDejyzt5O3fiCIB8pMgg0BPdD0=
-47,79,lchkbZpod+r3LSwejH1K7+NAVGY=,NMDejyzt5O3fiCIB8pMgg0BPdD0=
-48,78,lchkbZpod+r3LSwejH1K7+NAVGY=,NMDejyzt5O3fiCIB8pMgg0BPdD0=
-48,77,lchkbZpod+r3LSwejH1K7+NAVGY=,NMDejyzt5O3fiCIB8pMgg0BPdD0=
-47,77,lchkbZpod+r3LSwejH1K7+NAVGY=,NMDejyzt5O3fiCIB8pMgg0BPdD0=
-46,78,lchkbZpod+r3LSwejH1K7+NAVGY=,NMDejyzt5O3fiCIB8pMgg0BPdD0=
-46,77,lchkbZpod+r3LSwejH1K7+NAVGY=,NMDejyzt5O3fiCIB8pMgg0BPdD0=
-34,79,lchkbZpod+r3LSwejH1K7+NAVGY=,NMDejyzt5O3fiCIB8pMgg0BPdD0=
-47,78,lchkbZpod+r3LSwejH1K7+NAVGY=,NMDejyzt5O3fiCIB8pMgg0BPdD0=
-33,79,lchkbZpod+r3LSwejH1K7+NAVGY=,NMDejyzt5O3fiCIB8pMgg0BPdD0=
-33,78,lchkbZpod+r3LSwejH1K7+NAVGY=,NMDejyzt5O3fiCIB8pMgg0BPdD0=
-33,77,lchkbZpod+r3LSwejH1K7+NAVGY=,NMDejyzt5O3fiCIB8pMgg0BPdD0=
-35,79,lchkbZpod+r3LSwejH1K7+NAVGY=,NMDejyzt5O3fiCIB8pMgg0BPdD0=
-34,78,lchkbZpod+r3LSwejH1K7+NAVGY=,NMDejyzt5O3fiCIB8pMgg0BPdD0=
-34,77,lchkbZpod+r3LSwejH1K7+NAVGY=,NMDejyzt5O3fiCIB8pMgg0BPdD0=
-35,78,lchkbZpod+r3LSwejH1K7+NAVGY=,NMDejyzt5O3fiCIB8pMgg0BPdD0=
-35,77,lchkbZpod+r3LSwejH1K7+NAVGY=,NMDejyzt5O3fiCIB8pMgg0BPdD0=
