51,-45,OV8SKGe18Gd76i2Mu9ILdNk4wek=,thHN5c+kMhro6W/XWWjv3YIaXOg=
52,-46,OV8SKGe18Gd76i2Mu9ILdNk4wek=,thHN5c+kMhro6W/XWWjv3YIaXOg=
51,-46,OV8SKGe18Gd76i2Mu9ILdNk4wek=,thHN5c+kMhro6W/XWWjv3YIaXOg=
52,-47,OV8SKGe18Gd76i2Mu9ILdNk4wek=,thHN5c+kMhro6W/XWWjv3YIaXOg=
51,-44,OV8SKGe18Gd76i2Mu9ILdNk4wek=,thHN5c+kMhro6W/XWWjv3YIaXOg=
52,-48,OV8SKGe18Gd76i2Mu9ILdNk4wek=,thHN5c+kMhro6W/XWWjv3YIaXOg=
52,-45,OV8SKGe18Gd76i2Mu9ILdNk4wek=,thHN5c+kMhro6W/XWWjv3YIaXOg=
51,-48,OV8SKGe18Gd76i2Mu9ILdNk4wek=,thHN5c+kMhro6W/XWWjv3YIaXOg=
52,-44,OV8SKGe18Gd76i2Mu9ILdNk4wek=,thHN5c+kMhro6W/XWWjv3YIaXOg=
51,-47,OV8SKGe18Gd76i2Mu9ILdNk4wek=,thHN5c+kMhro6W/XWWjv3YIaXOg=
59,-37,OV8SKGe18Gd76i2Mu9ILdNk4wek=,w8+Ja9hBWNMhuXhEPO61XxU55Bc=
60,-36,OV8SKGe18Gd76i2Mu9ILdNk4wek=,w8+Ja9hBWNMhuXhEPO61XxU55Bc=
59,-36,OV8SKGe18Gd76i2Mu9ILdNk4wek=,w8+Ja9hBWNMhuXhEPO61XxU55Bc=
60,-37,OV8SKGe18Gd76i2Mu9ILdNk4wek=,w8+Ja9hBWNMhuXhEPO61XxU55Bc=
56,-44,OV8SKGe18Gd76i2Mu9ILdNk4wek=,G7AEagDbYu1HNST7LRubn8gJwlg=
57,-44,OV8SKGe18Gd76i2Mu9ILdNk4wek=,G7AEagDbYu1HNST7LRubn8gJwlg=
58,-44,OV8SKGe18Gd76i2Mu9ILdNk4wek=,G7AEagDbYu1HNST7LRubn8gJwlg=
59,-38,OV8SKGe18Gd76i2Mu9ILdNk4wek=,w8+Ja9hBWNMhuXhEPO61XxU55Bc=
53,-45,OV8SKGe18Gd76i2Mu9ILdNk4wek=,thHN5c+kMhro6W/XWWjv3YIaXOg=
54,-45,OV8SKGe18Gd76i2Mu9ILdNk4wek=,thHN5c+kMhro6W/XWWjv3YIaXOg=
59,-42,OV8SKGe18Gd76i2Mu9ILdNk4wek=,G7AEagDbYu1HNST7LRubn8gJwlg=
60,-42,OV8SKGe18Gd76i2Mu9ILdNk4wek=,G7AEagDbYu1HNST7LRubn8gJwlg=
57,-45,OV8SKGe18Gd76i2Mu9ILdNk4wek=,G7AEagDbYu1HNST7LRubn8gJwlg=
60,-43,OV8SKGe18Gd76i2Mu9ILdNk4wek=,G7AEagDbYu1HNST7LRubn8gJwlg=
59,-41,OV8SKGe18Gd76i2Mu9ILdNk4wek=,G7AEagDbYu1HNST7LRubn8gJwlg=
59,-43,OV8SKGe18Gd76i2Mu9ILdNk4wek=,G7AEagDbYu1HNST7LRubn8gJwlg=
56,-45,OV8SKGe18Gd76i2Mu9ILdNk4wek=,G7AEagDbYu1HNST7LRubn8gJwlg=
60,-38,OV8SKGe18Gd76i2Mu9ILdNk4wek=,w8+Ja9hBWNMhuXhEPO61XxU55Bc=
59,-40,OV8SKGe18Gd76i2Mu9ILdNk4wek=,w8+Ja9hBWNMhuXhEPO61XxU55Bc=
58,-45,OV8SKGe18Gd76i2Mu9ILdNk4wek=,G7AEagDbYu1HNST7LRubn8gJwlg=
60,-41,OV8SKGe18Gd76i2Mu9ILdNk4wek=,G7AEagDbYu1HNST7LRubn8gJwlg=
59,-44,OV8SKGe18Gd76i2Mu9ILdNk4wek=,G7AEagDbYu1HNST7LRubn8gJwlg=
60,-39,OV8SKGe18Gd76i2Mu9ILdNk4wek=,w8+Ja9hBWNMhuXhEPO61XxU55Bc=
60,-45,OV8SKGe18Gd76i2Mu9ILdNk4wek=,G7AEagDbYu1HNST7LRubn8gJwlg=
60,-44,OV8SKGe18Gd76i2Mu9ILdNk4wek=,G7AEagDbYu1HNST7LRubn8gJwlg=
60,-40,OV8SKGe18Gd76i2Mu9ILdNk4wek=,w8+Ja9hBWNMhuXhEPO61XxU55Bc=
55,-45,OV8SKGe18Gd76i2Mu9ILdNk4wek=,thHN5c+kMhro6W/XWWjv3YIaXOg=
59,-45,OV8SKGe18Gd76i2Mu9ILdNk4wek=,G7AEagDbYu1HNST7LRubn8gJwlg=
53,-44,OV8SKGe18Gd76i2Mu9ILdNk4wek=,thHN5c+kMhro6W/XWWjv3YIaXOg=
54,-44,OV8SKGe18Gd76i2Mu9ILdNk4wek=,thHN5c+kMhro6W/XWWjv3YIaXOg=
59,-39,OV8SKGe18Gd76i2Mu9ILdNk4wek=,w8+Ja9hBWNMhuXhEPO61XxU55Bc=
55,-44,OV8SKGe18Gd76i2Mu9ILdNk4wek=,thHN5c+kMhro6W/XWWjv3YIaXOg=
58,-46,OV8SKGe18Gd76i2Mu9ILdNk4wek=,G7AEagDbYu1HNST7LRubn8gJwlg=
59,-46,OV8SKGe18Gd76i2Mu9ILdNk4wek=,G7AEagDbYu1HNST7LRubn8gJwlg=
57,-46,OV8SKGe18Gd76i2Mu9ILdNk4wek=,G7AEagDbYu1HNST7LRubn8gJwlg=
56,-40,OV8SKGe18Gd76i2Mu9ILdNk4wek=,w8+Ja9hBWNMhuXhEPO61XxU55Bc=
56,-46,EBkYOooxANDoaoYbjFQvO+Wt9hs=,G7AEagDbYu1HNST7LRubn8gJwlg=
60,-47,EBkYOooxANDoaoYbjFQvO+Wt9hs=,G7AEagDbYu1HNST7LRubn8gJwlg=
54,-38,EBkYOooxANDoaoYbjFQvO+Wt9hs=,cmwsAhd9wZHh27Qilj1rlU7g+Ko=
54,-46,EBkYOooxANDoaoYbjFQvO+Wt9hs=,thHN5c+kMhro6W/XWWjv3YIaXOg=
59,-47,EBkYOooxANDoaoYbjFQvO+Wt9hs=,G7AEagDbYu1HNST7LRubn8gJwlg=
55,-47,EBkYOooxANDoaoYbjFQvO+Wt9hs=,thHN5c+kMhro6W/XWWjv3YIaXOg=
55,-38,EBkYOooxANDoaoYbjFQvO+Wt9hs=,cmwsAhd9wZHh27Qilj1rlU7g+Ko=
58,-47,EBkYOooxANDoaoYbjFQvO+Wt9hs=,G7AEagDbYu1HNST7LRubn8gJwlg=
54,-47,EBkYOooxANDoaoYbjFQvO+Wt9hs=,thHN5c+kMhro6W/XWWjv3YIaXOg=
55,-46,EBkYOooxANDoaoYbjFQvO+Wt9hs=,thHN5c+kMhro6W/XWWjv3YIaXOg=
53,-47,EBkYOooxANDoaoYbjFQvO+Wt9hs=,thHN5c+kMhro6W/XWWjv3YIaXOg=
57,-47,EBkYOooxANDoaoYbjFQvO+Wt9hs=,G7AEagDbYu1HNST7LRubn8gJwlg=
56,-47,EBkYOooxANDoaoYbjFQvO+Wt9hs=,G7AEagDbYu1HNST7LRubn8gJwlg=
60,-48,EBkYOooxANDoaoYbjFQvO+Wt9hs=,G7AEagDbYu1HNST7LRubn8gJwlg=
53,-38,EBkYOooxANDoaoYbjFQvO+Wt9hs=,cmwsAhd9wZHh27Qilj1rlU7g+Ko=
55,-48,EBkYOooxANDoaoYbjFQvO+Wt9hs=,thHN5c+kMhro6W/XWWjv3YIaXOg=
59,-48,EBkYOooxANDoaoYbjFQvO+Wt9hs=,G7AEagDbYu1HNST7LRubn8gJwlg=
52,-38,EBkYOooxANDoaoYbjFQvO+Wt9hs=,cmwsAhd9wZHh27Qilj1rlU7g+Ko=
51,-38,EBkYOooxANDoaoYbjFQvO+Wt9hs=,cmwsAhd9wZHh27Qilj1rlU7g+Ko=
60,-46,EBkYOooxANDoaoYbjFQvO+Wt9hs=,G7AEagDbYu1HNST7LRubn8gJwlg=
53,-48,EBkYOooxANDoaoYbjFQvO+Wt9hs=,thHN5c+kMhro6W/XWWjv3YIaXOg=
53,-46,EBkYOooxANDoaoYbjFQvO+Wt9hs=,thHN5c+kMhro6W/XWWjv3YIaXOg=
56,-48,EBkYOooxANDoaoYbjFQvO+Wt9hs=,G7AEagDbYu1HNST7LRubn8gJwlg=
57,-48,EBkYOooxANDoaoYbjFQvO+Wt9hs=,G7AEagDbYu1HNST7LRubn8gJwlg=
54,-48,EBkYOooxANDoaoYbjFQvO+Wt9hs=,thHN5c+kMhro6W/XWWjv3YIaXOg=
51,-39,EBkYOooxANDoaoYbjFQvO+Wt9hs=,cmwsAhd9wZHh27Qilj1rlU7g+Ko=
56,-38,EBkYOooxANDoaoYbjFQvO+Wt9hs=,w8+Ja9hBWNMhuXhEPO61XxU55Bc=
52,-39,EBkYOooxANDoaoYbjFQvO+Wt9hs=,cmwsAhd9wZHh27Qilj1rlU7g+Ko=
56,-39,EBkYOooxANDoaoYbjFQvO+Wt9hs=,w8+Ja9hBWNMhuXhEPO61XxU55Bc=
57,-37,EBkYOooxANDoaoYbjFQvO+Wt9hs=,w8+Ja9hBWNMhuXhEPO61XxU55Bc=
58,-37,EBkYOooxANDoaoYbjFQvO+Wt9hs=,w8+Ja9hBWNMhuXhEPO61XxU55Bc=
54,-39,EBkYOooxANDoaoYbjFQvO+Wt9hs=,cmwsAhd9wZHh27Qilj1rlU7g+Ko=
55,-39,EBkYOooxANDoaoYbjFQvO+Wt9hs=,cmwsAhd9wZHh27Qilj1rlU7g+Ko=
53,-39,EBkYOooxANDoaoYbjFQvO+Wt9hs=,cmwsAhd9wZHh27Qilj1rlU7g+Ko=
55,-40,EBkYOooxANDoaoYbjFQvO+Wt9hs=,cmwsAhd9wZHh27Qilj1rlU7g+Ko=
51,-40,EBkYOooxANDoaoYbjFQvO+Wt9hs=,cmwsAhd9wZHh27Qilj1rlU7g+Ko=
51,-36,EBkYOooxANDoaoYbjFQvO+Wt9hs=,cmwsAhd9wZHh27Qilj1rlU7g+Ko=
52,-40,EBkYOooxANDoaoYbjFQvO+Wt9hs=,cmwsAhd9wZHh27Qilj1rlU7g+Ko=
56,-37,EBkYOooxANDoaoYbjFQvO+Wt9hs=,w8+Ja9hBWNMhuXhEPO61XxU55Bc=
58,-42,EBkYOooxANDoaoYbjFQvO+Wt9hs=,G7AEagDbYu1HNST7LRubn8gJwlg=
57,-40,EBkYOooxANDoaoYbjFQvO+Wt9hs=,w8+Ja9hBWNMhuXhEPO61XxU55Bc=
55,-41,EBkYOooxANDoaoYbjFQvO+Wt9hs=,thHN5c+kMhro6W/XWWjv3YIaXOg=
53,-36,EBkYOooxANDoaoYbjFQvO+Wt9hs=,cmwsAhd9wZHh27Qilj1rlU7g+Ko=
52,-41,EBkYOooxANDoaoYbjFQvO+Wt9hs=,thHN5c+kMhro6W/XWWjv3YIaXOg=
54,-41,EBkYOooxANDoaoYbjFQvO+Wt9hs=,thHN5c+kMhro6W/XWWjv3YIaXOg=
54,-40,EBkYOooxANDoaoYbjFQvO+Wt9hs=,cmwsAhd9wZHh27Qilj1rlU7g+Ko=
53,-41,EBkYOooxANDoaoYbjFQvO+Wt9hs=,thHN5c+kMhro6W/XWWjv3YIaXOg=
53,-40,EBkYOooxANDoaoYbjFQvO+Wt9hs=,cmwsAhd9wZHh27Qilj1rlU7g+Ko=
57,-38,EBkYOooxANDoaoYbjFQvO+Wt9hs=,w8+Ja9hBWNMhuXhEPO61XxU55Bc=
56,-36,EBkYOooxANDoaoYbjFQvO+Wt9hs=,w8+Ja9hBWNMhuXhEPO61XxU55Bc=
52,-36,EBkYOooxANDoaoYbjFQvO+Wt9hs=,cmwsAhd9wZHh27Qilj1rlU7g+Ko=
58,-48,EBkYOooxANDoaoYbjFQvO+Wt9hs=,G7AEagDbYu1HNST7LRubn8gJwlg=
57,-36,EBkYOooxANDoaoYbjFQvO+Wt9hs=,w8+Ja9hBWNMhuXhEPO61XxU55Bc=
54,-36,EBkYOooxANDoaoYbjFQvO+Wt9hs=,cmwsAhd9wZHh27Qilj1rlU7g+Ko=
51,-41,EBkYOooxANDoaoYbjFQvO+Wt9hs=,thHN5c+kMhro6W/XWWjv3YIaXOg=
55,-36,EBkYOooxANDoaoYbjFQvO+Wt9hs=,cmwsAhd9wZHh27Qilj1rlU7g+Ko=
58,-38,EBkYOooxANDoaoYbjFQvO+Wt9hs=,w8+Ja9hBWNMhuXhEPO61XxU55Bc=
58,-36,EBkYOooxANDoaoYbjFQvO+Wt9hs=,w8+Ja9hBWNMhuXhEPO61XxU55Bc=
57,-42,EBkYOooxANDoaoYbjFQvO+Wt9hs=,G7AEagDbYu1HNST7LRubn8gJwlg=
56,-42,EBkYOooxANDoaoYbjFQvO+Wt9hs=,G7AEagDbYu1HNST7LRubn8gJwlg=
51,-42,EBkYOooxANDoaoYbjFQvO+Wt9hs=,thHN5c+kMhro6W/XWWjv3YIaXOg=
52,-42,EBkYOooxANDoaoYbjFQvO+Wt9hs=,thHN5c+kMhro6W/XWWjv3YIaXOg=
55,-42,EBkYOooxANDoaoYbjFQvO+Wt9hs=,thHN5c+kMhro6W/XWWjv3YIaXOg=
54,-42,EBkYOooxANDoaoYbjFQvO+Wt9hs=,thHN5c+kMhro6W/XWWjv3YIaXOg=
53,-42,EBkYOooxANDoaoYbjFQvO+Wt9hs=,thHN5c+kMhro6W/XWWjv3YIaXOg=
58,-43,EBkYOooxANDoaoYbjFQvO+Wt9hs=,G7AEagDbYu1HNST7LRubn8gJwlg=
56,-41,EBkYOooxANDoaoYbjFQvO+Wt9hs=,G7AEagDbYu1HNST7LRubn8gJwlg=
54,-43,EBkYOooxANDoaoYbjFQvO+Wt9hs=,thHN5c+kMhro6W/XWWjv3YIaXOg=
53,-43,EBkYOooxANDoaoYbjFQvO+Wt9hs=,thHN5c+kMhro6W/XWWjv3YIaXOg=
57,-41,EBkYOooxANDoaoYbjFQvO+Wt9hs=,G7AEagDbYu1HNST7LRubn8gJwlg=
58,-41,EBkYOooxANDoaoYbjFQvO+Wt9hs=,G7AEagDbYu1HNST7LRubn8gJwlg=
52,-43,EBkYOooxANDoaoYbjFQvO+Wt9hs=,thHN5c+kMhro6W/XWWjv3YIaXOg=
57,-43,EBkYOooxANDoaoYbjFQvO+Wt9hs=,G7AEagDbYu1HNST7LRubn8gJwlg=
58,-39,EBkYOooxANDoaoYbjFQvO+Wt9hs=,w8+Ja9hBWNMhuXhEPO61XxU55Bc=
58,-40,EBkYOooxANDoaoYbjFQvO+Wt9hs=,w8+Ja9hBWNMhuXhEPO61XxU55Bc=
51,-43,EBkYOooxANDoaoYbjFQvO+Wt9hs=,thHN5c+kMhro6W/XWWjv3YIaXOg=
56,-43,EBkYOooxANDoaoYbjFQvO+Wt9hs=,G7AEagDbYu1HNST7LRubn8gJwlg=
51,-37,EBkYOooxANDoaoYbjFQvO+Wt9hs=,cmwsAhd9wZHh27Qilj1rlU7g+Ko=
57,-39,EBkYOooxANDoaoYbjFQvO+Wt9hs=,w8+Ja9hBWNMhuXhEPO61XxU55Bc=
55,-43,EBkYOooxANDoaoYbjFQvO+Wt9hs=,thHN5c+kMhro6W/XWWjv3YIaXOg=
52,-37,EBkYOooxANDoaoYbjFQvO+Wt9hs=,cmwsAhd9wZHh27Qilj1rlU7g+Ko=
53,-37,EBkYOooxANDoaoYbjFQvO+Wt9hs=,cmwsAhd9wZHh27Qilj1rlU7g+Ko=
55,-37,EBkYOooxANDoaoYbjFQvO+Wt9hs=,cmwsAhd9wZHh27Qilj1rlU7g+Ko=
63,-45,EBkYOooxANDoaoYbjFQvO+Wt9hs=,G7AEagDbYu1HNST7LRubn8gJwlg=
62,-45,EBkYOooxANDoaoYbjFQvO+Wt9hs=,G7AEagDbYu1HNST7LRubn8gJwlg=
61,-44,EBkYOooxANDoaoYbjFQvO+Wt9hs=,G7AEagDbYu1HNST7LRubn8gJwlg=
62,-44,EBkYOooxANDoaoYbjFQvO+Wt9hs=,G7AEagDbYu1HNST7LRubn8gJwlg=
61,-45,EBkYOooxANDoaoYbjFQvO+Wt9hs=,G7AEagDbYu1HNST7LRubn8gJwlg=
63,-44,EBkYOooxANDoaoYbjFQvO+Wt9hs=,G7AEagDbYu1HNST7LRubn8gJwlg=
54,-37,EBkYOooxANDoaoYbjFQvO+Wt9hs=,cmwsAhd9wZHh27Qilj1rlU7g+Ko=
52,-34,EBkYOooxANDoaoYbjFQvO+Wt9hs=,cmwsAhd9wZHh27Qilj1rlU7g+Ko=
52,-33,EBkYOooxANDoaoYbjFQvO+Wt9hs=,cmwsAhd9wZHh27Qilj1rlU7g+Ko=
51,-34,EBkYOooxANDoaoYbjFQvO+Wt9hs=,cmwsAhd9wZHh27Qilj1rlU7g+Ko=
52,-35,EBkYOooxANDoaoYbjFQvO+Wt9hs=,cmwsAhd9wZHh27Qilj1rlU7g+Ko=
51,-35,EBkYOooxANDoaoYbjFQvO+Wt9hs=,cmwsAhd9wZHh27Qilj1rlU7g+Ko=
51,-33,EBkYOooxANDoaoYbjFQvO+Wt9hs=,cmwsAhd9wZHh27Qilj1rlU7g+Ko=
62,-41,QIrUtCBJ86ER6jVBDYnE8zIi4pE=,G7AEagDbYu1HNST7LRubn8gJwlg=
48,-45,QIrUtCBJ86ER6jVBDYnE8zIi4pE=,thHN5c+kMhro6W/XWWjv3YIaXOg=
63,-40,QIrUtCBJ86ER6jVBDYnE8zIi4pE=,w8+Ja9hBWNMhuXhEPO61XxU55Bc=
63,-39,QIrUtCBJ86ER6jVBDYnE8zIi4pE=,w8+Ja9hBWNMhuXhEPO61XxU55Bc=
62,-42,QIrUtCBJ86ER6jVBDYnE8zIi4pE=,G7AEagDbYu1HNST7LRubn8gJwlg=
61,-42,QIrUtCBJ86ER6jVBDYnE8zIi4pE=,G7AEagDbYu1HNST7LRubn8gJwlg=
62,-39,QIrUtCBJ86ER6jVBDYnE8zIi4pE=,w8+Ja9hBWNMhuXhEPO61XxU55Bc=
49,-45,QIrUtCBJ86ER6jVBDYnE8zIi4pE=,thHN5c+kMhro6W/XWWjv3YIaXOg=
60,-33,QIrUtCBJ86ER6jVBDYnE8zIi4pE=,w8+Ja9hBWNMhuXhEPO61XxU55Bc=
62,-40,QIrUtCBJ86ER6jVBDYnE8zIi4pE=,w8+Ja9hBWNMhuXhEPO61XxU55Bc=
61,-33,QIrUtCBJ86ER6jVBDYnE8zIi4pE=,w8+Ja9hBWNMhuXhEPO61XxU55Bc=
62,-38,QIrUtCBJ86ER6jVBDYnE8zIi4pE=,w8+Ja9hBWNMhuXhEPO61XxU55Bc=
63,-36,QIrUtCBJ86ER6jVBDYnE8zIi4pE=,w8+Ja9hBWNMhuXhEPO61XxU55Bc=
62,-43,QIrUtCBJ86ER6jVBDYnE8zIi4pE=,G7AEagDbYu1HNST7LRubn8gJwlg=
50,-45,QIrUtCBJ86ER6jVBDYnE8zIi4pE=,thHN5c+kMhro6W/XWWjv3YIaXOg=
61,-43,QIrUtCBJ86ER6jVBDYnE8zIi4pE=,G7AEagDbYu1HNST7LRubn8gJwlg=
63,-42,QIrUtCBJ86ER6jVBDYnE8zIi4pE=,G7AEagDbYu1HNST7LRubn8gJwlg=
61,-41,QIrUtCBJ86ER6jVBDYnE8zIi4pE=,G7AEagDbYu1HNST7LRubn8gJwlg=
62,-36,QIrUtCBJ86ER6jVBDYnE8zIi4pE=,w8+Ja9hBWNMhuXhEPO61XxU55Bc=
63,-43,QIrUtCBJ86ER6jVBDYnE8zIi4pE=,G7AEagDbYu1HNST7LRubn8gJwlg=
59,-34,QIrUtCBJ86ER6jVBDYnE8zIi4pE=,w8+Ja9hBWNMhuXhEPO61XxU55Bc=
63,-38,QIrUtCBJ86ER6jVBDYnE8zIi4pE=,w8+Ja9hBWNMhuXhEPO61XxU55Bc=
61,-40,QIrUtCBJ86ER6jVBDYnE8zIi4pE=,w8+Ja9hBWNMhuXhEPO61XxU55Bc=
61,-39,QIrUtCBJ86ER6jVBDYnE8zIi4pE=,w8+Ja9hBWNMhuXhEPO61XxU55Bc=
63,-37,QIrUtCBJ86ER6jVBDYnE8zIi4pE=,w8+Ja9hBWNMhuXhEPO61XxU55Bc=
62,-37,QIrUtCBJ86ER6jVBDYnE8zIi4pE=,w8+Ja9hBWNMhuXhEPO61XxU55Bc=
55,-33,QIrUtCBJ86ER6jVBDYnE8zIi4pE=,cmwsAhd9wZHh27Qilj1rlU7g+Ko=
48,-44,QIrUtCBJ86ER6jVBDYnE8zIi4pE=,thHN5c+kMhro6W/XWWjv3YIaXOg=
58,-34,QIrUtCBJ86ER6jVBDYnE8zIi4pE=,w8+Ja9hBWNMhuXhEPO61XxU55Bc=
63,-41,QIrUtCBJ86ER6jVBDYnE8zIi4pE=,G7AEagDbYu1HNST7LRubn8gJwlg=
61,-38,QIrUtCBJ86ER6jVBDYnE8zIi4pE=,w8+Ja9hBWNMhuXhEPO61XxU55Bc=
60,-34,QIrUtCBJ86ER6jVBDYnE8zIi4pE=,w8+Ja9hBWNMhuXhEPO61XxU55Bc=
57,-34,QIrUtCBJ86ER6jVBDYnE8zIi4pE=,w8+Ja9hBWNMhuXhEPO61XxU55Bc=
62,-33,QIrUtCBJ86ER6jVBDYnE8zIi4pE=,w8+Ja9hBWNMhuXhEPO61XxU55Bc=
56,-34,QIrUtCBJ86ER6jVBDYnE8zIi4pE=,w8+Ja9hBWNMhuXhEPO61XxU55Bc=
49,-44,QIrUtCBJ86ER6jVBDYnE8zIi4pE=,thHN5c+kMhro6W/XWWjv3YIaXOg=
63,-35,QIrUtCBJ86ER6jVBDYnE8zIi4pE=,w8+Ja9hBWNMhuXhEPO61XxU55Bc=
54,-34,QIrUtCBJ86ER6jVBDYnE8zIi4pE=,cmwsAhd9wZHh27Qilj1rlU7g+Ko=
50,-44,QIrUtCBJ86ER6jVBDYnE8zIi4pE=,thHN5c+kMhro6W/XWWjv3YIaXOg=
54,-33,QIrUtCBJ86ER6jVBDYnE8zIi4pE=,cmwsAhd9wZHh27Qilj1rlU7g+Ko=
62,-35,QIrUtCBJ86ER6jVBDYnE8zIi4pE=,w8+Ja9hBWNMhuXhEPO61XxU55Bc=
61,-35,QIrUtCBJ86ER6jVBDYnE8zIi4pE=,w8+Ja9hBWNMhuXhEPO61XxU55Bc=
55,-34,QIrUtCBJ86ER6jVBDYnE8zIi4pE=,cmwsAhd9wZHh27Qilj1rlU7g+Ko=
53,-34,QIrUtCBJ86ER6jVBDYnE8zIi4pE=,cmwsAhd9wZHh27Qilj1rlU7g+Ko=
60,-35,QIrUtCBJ86ER6jVBDYnE8zIi4pE=,w8+Ja9hBWNMhuXhEPO61XxU55Bc=
63,-33,QIrUtCBJ86ER6jVBDYnE8zIi4pE=,w8+Ja9hBWNMhuXhEPO61XxU55Bc=
61,-37,QIrUtCBJ86ER6jVBDYnE8zIi4pE=,w8+Ja9hBWNMhuXhEPO61XxU55Bc=
59,-33,QIrUtCBJ86ER6jVBDYnE8zIi4pE=,w8+Ja9hBWNMhuXhEPO61XxU55Bc=
61,-36,QIrUtCBJ86ER6jVBDYnE8zIi4pE=,w8+Ja9hBWNMhuXhEPO61XxU55Bc=
58,-33,QIrUtCBJ86ER6jVBDYnE8zIi4pE=,w8+Ja9hBWNMhuXhEPO61XxU55Bc=
57,-33,QIrUtCBJ86ER6jVBDYnE8zIi4pE=,w8+Ja9hBWNMhuXhEPO61XxU55Bc=
57,-35,QIrUtCBJ86ER6jVBDYnE8zIi4pE=,w8+Ja9hBWNMhuXhEPO61XxU55Bc=
56,-33,QIrUtCBJ86ER6jVBDYnE8zIi4pE=,w8+Ja9hBWNMhuXhEPO61XxU55Bc=
61,-34,QIrUtCBJ86ER6jVBDYnE8zIi4pE=,w8+Ja9hBWNMhuXhEPO61XxU55Bc=
63,-34,QIrUtCBJ86ER6jVBDYnE8zIi4pE=,w8+Ja9hBWNMhuXhEPO61XxU55Bc=
54,-35,QIrUtCBJ86ER6jVBDYnE8zIi4pE=,cmwsAhd9wZHh27Qilj1rlU7g+Ko=
62,-34,QIrUtCBJ86ER6jVBDYnE8zIi4pE=,w8+Ja9hBWNMhuXhEPO61XxU55Bc=
53,-33,QIrUtCBJ86ER6jVBDYnE8zIi4pE=,cmwsAhd9wZHh27Qilj1rlU7g+Ko=
59,-35,QIrUtCBJ86ER6jVBDYnE8zIi4pE=,w8+Ja9hBWNMhuXhEPO61XxU55Bc=
55,-35,QIrUtCBJ86ER6jVBDYnE8zIi4pE=,cmwsAhd9wZHh27Qilj1rlU7g+Ko=
53,-35,QIrUtCBJ86ER6jVBDYnE8zIi4pE=,cmwsAhd9wZHh27Qilj1rlU7g+Ko=
56,-35,QIrUtCBJ86ER6jVBDYnE8zIi4pE=,w8+Ja9hBWNMhuXhEPO61XxU55Bc=
58,-35,QIrUtCBJ86ER6jVBDYnE8zIi4pE=,w8+Ja9hBWNMhuXhEPO61XxU55Bc=
50,-39,QIrUtCBJ86ER6jVBDYnE8zIi4pE=,cmwsAhd9wZHh27Qilj1rlU7g+Ko=
50,-38,QIrUtCBJ86ER6jVBDYnE8zIi4pE=,cmwsAhd9wZHh27Qilj1rlU7g+Ko=
50,-36,QIrUtCBJ86ER6jVBDYnE8zIi4pE=,cmwsAhd9wZHh27Qilj1rlU7g+Ko=
49,-40,QIrUtCBJ86ER6jVBDYnE8zIi4pE=,cmwsAhd9wZHh27Qilj1rlU7g+Ko=
49,-39,QIrUtCBJ86ER6jVBDYnE8zIi4pE=,cmwsAhd9wZHh27Qilj1rlU7g+Ko=
48,-37,QIrUtCBJ86ER6jVBDYnE8zIi4pE=,cmwsAhd9wZHh27Qilj1rlU7g+Ko=
50,-40,QIrUtCBJ86ER6jVBDYnE8zIi4pE=,cmwsAhd9wZHh27Qilj1rlU7g+Ko=
48,-39,QIrUtCBJ86ER6jVBDYnE8zIi4pE=,cmwsAhd9wZHh27Qilj1rlU7g+Ko=
48,-38,QIrUtCBJ86ER6jVBDYnE8zIi4pE=,cmwsAhd9wZHh27Qilj1rlU7g+Ko=
49,-38,QIrUtCBJ86ER6jVBDYnE8zIi4pE=,cmwsAhd9wZHh27Qilj1rlU7g+Ko=
49,-41,QIrUtCBJ86ER6jVBDYnE8zIi4pE=,thHN5c+kMhro6W/XWWjv3YIaXOg=
48,-40,QIrUtCBJ86ER6jVBDYnE8zIi4pE=,cmwsAhd9wZHh27Qilj1rlU7g+Ko=
50,-41,QIrUtCBJ86ER6jVBDYnE8zIi4pE=,thHN5c+kMhro6W/XWWjv3YIaXOg=
48,-41,QIrUtCBJ86ER6jVBDYnE8zIi4pE=,thHN5c+kMhro6W/XWWjv3YIaXOg=
50,-42,QIrUtCBJ86ER6jVBDYnE8zIi4pE=,thHN5c+kMhro6W/XWWjv3YIaXOg=
49,-36,QIrUtCBJ86ER6jVBDYnE8zIi4pE=,cmwsAhd9wZHh27Qilj1rlU7g+Ko=
49,-37,QIrUtCBJ86ER6jVBDYnE8zIi4pE=,cmwsAhd9wZHh27Qilj1rlU7g+Ko=
48,-42,QIrUtCBJ86ER6jVBDYnE8zIi4pE=,thHN5c+kMhro6W/XWWjv3YIaXOg=
50,-37,QIrUtCBJ86ER6jVBDYnE8zIi4pE=,cmwsAhd9wZHh27Qilj1rlU7g+Ko=
48,-36,QIrUtCBJ86ER6jVBDYnE8zIi4pE=,cmwsAhd9wZHh27Qilj1rlU7g+Ko=
48,-43,QIrUtCBJ86ER6jVBDYnE8zIi4pE=,thHN5c+kMhro6W/XWWjv3YIaXOg=
49,-43,QIrUtCBJ86ER6jVBDYnE8zIi4pE=,thHN5c+kMhro6W/XWWjv3YIaXOg=
50,-43,QIrUtCBJ86ER6jVBDYnE8zIi4pE=,thHN5c+kMhro6W/XWWjv3YIaXOg=
49,-42,QIrUtCBJ86ER6jVBDYnE8zIi4pE=,thHN5c+kMhro6W/XWWjv3YIaXOg=
50,-34,QIrUtCBJ86ER6jVBDYnE8zIi4pE=,cmwsAhd9wZHh27Qilj1rlU7g+Ko=
48,-48,QIrUtCBJ86ER6jVBDYnE8zIi4pE=,thHN5c+kMhro6W/XWWjv3YIaXOg=
50,-46,QIrUtCBJ86ER6jVBDYnE8zIi4pE=,thHN5c+kMhro6W/XWWjv3YIaXOg=
48,-46,QIrUtCBJ86ER6jVBDYnE8zIi4pE=,thHN5c+kMhro6W/XWWjv3YIaXOg=
49,-46,QIrUtCBJ86ER6jVBDYnE8zIi4pE=,thHN5c+kMhro6W/XWWjv3YIaXOg=
48,-35,QIrUtCBJ86ER6jVBDYnE8zIi4pE=,cmwsAhd9wZHh27Qilj1rlU7g+Ko=
50,-35,QIrUtCBJ86ER6jVBDYnE8zIi4pE=,cmwsAhd9wZHh27Qilj1rlU7g+Ko=
49,-47,QIrUtCBJ86ER6jVBDYnE8zIi4pE=,thHN5c+kMhro6W/XWWjv3YIaXOg=
50,-47,QIrUtCBJ86ER6jVBDYnE8zIi4pE=,thHN5c+kMhro6W/XWWjv3YIaXOg=
49,-34,QIrUtCBJ86ER6jVBDYnE8zIi4pE=,cmwsAhd9wZHh27Qilj1rlU7g+Ko=
48,-34,QIrUtCBJ86ER6jVBDYnE8zIi4pE=,cmwsAhd9wZHh27Qilj1rlU7g+Ko=
50,-33,QIrUtCBJ86ER6jVBDYnE8zIi4pE=,cmwsAhd9wZHh27Qilj1rlU7g+Ko=
49,-33,QIrUtCBJ86ER6jVBDYnE8zIi4pE=,cmwsAhd9wZHh27Qilj1rlU7g+Ko=
49,-35,QIrUtCBJ86ER6jVBDYnE8zIi4pE=,cmwsAhd9wZHh27Qilj1rlU7g+Ko=
49,-48,QIrUtCBJ86ER6jVBDYnE8zIi4pE=,thHN5c+kMhro6W/XWWjv3YIaXOg=
48,-47,QIrUtCBJ86ER6jVBDYnE8zIi4pE=,thHN5c+kMhro6W/XWWjv3YIaXOg=
50,-48,QIrUtCBJ86ER6jVBDYnE8zIi4pE=,thHN5c+kMhro6W/XWWjv3YIaXOg=
63,-47,QIrUtCBJ86ER6jVBDYnE8zIi4pE=,G7AEagDbYu1HNST7LRubn8gJwlg=
61,-46,QIrUtCBJ86ER6jVBDYnE8zIi4pE=,G7AEagDbYu1HNST7LRubn8gJwlg=
48,-33,QIrUtCBJ86ER6jVBDYnE8zIi4pE=,cmwsAhd9wZHh27Qilj1rlU7g+Ko=
62,-47,QIrUtCBJ86ER6jVBDYnE8zIi4pE=,G7AEagDbYu1HNST7LRubn8gJwlg=
62,-46,QIrUtCBJ86ER6jVBDYnE8zIi4pE=,G7AEagDbYu1HNST7LRubn8gJwlg=
63,-46,QIrUtCBJ86ER6jVBDYnE8zIi4pE=,G7AEagDbYu1HNST7LRubn8gJwlg=
63,-48,QIrUtCBJ86ER6jVBDYnE8zIi4pE=,G7AEagDbYu1HNST7LRubn8gJwlg=
62,-48,QIrUtCBJ86ER6jVBDYnE8zIi4pE=,G7AEagDbYu1HNST7LRubn8gJwlg=
61,-47,QIrUtCBJ86ER6jVBDYnE8zIi4pE=,G7AEagDbYu1HNST7LRubn8gJwlg=
61,-48,QIrUtCBJ86ER6jVBDYnE8zIi4pE=,G7AEagDbYu1HNST7LRubn8gJwlg=
58,-61,076n6TJlMFIfGroEYp/B+j05lCE=,NMDejyzt5O3fiCIB8pMgg0BPdD0=
51,-61,076n6TJlMFIfGroEYp/B+j05lCE=,NMDejyzt5O3fiCIB8pMgg0BPdD0=
51,-53,9VAMwhLjjV7hRVij8crcoMb/78Q=,xrQqexp91fWQ/r3c167N+5+sWgI=
52,-61,9VAMwhLjjV7hRVij8crcoMb/78Q=,NMDejyzt5O3fiCIB8pMgg0BPdD0=
52,-53,9VAMwhLjjV7hRVij8crcoMb/78Q=,xrQqexp91fWQ/r3c167N+5+sWgI=
51,-60,9VAMwhLjjV7hRVij8crcoMb/78Q=,NMDejyzt5O3fiCIB8pMgg0BPdD0=
51,-52,9VAMwhLjjV7hRVij8crcoMb/78Q=,xrQqexp91fWQ/r3c167N+5+sWgI=
52,-60,9VAMwhLjjV7hRVij8crcoMb/78Q=,NMDejyzt5O3fiCIB8pMgg0BPdD0=
52,-52,9VAMwhLjjV7hRVij8crcoMb/78Q=,xrQqexp91fWQ/r3c167N+5+sWgI=
51,-64,9VAMwhLjjV7hRVij8crcoMb/78Q=,NMDejyzt5O3fiCIB8pMgg0BPdD0=
51,-62,9VAMwhLjjV7hRVij8crcoMb/78Q=,NMDejyzt5O3fiCIB8pMgg0BPdD0=
51,-54,9VAMwhLjjV7hRVij8crcoMb/78Q=,xrQqexp91fWQ/r3c167N+5+sWgI=
52,-62,9VAMwhLjjV7hRVij8crcoMb/78Q=,NMDejyzt5O3fiCIB8pMgg0BPdD0=
57,-61,9VAMwhLjjV7hRVij8crcoMb/78Q=,NMDejyzt5O3fiCIB8pMgg0BPdD0=
52,-55,9VAMwhLjjV7hRVij8crcoMb/78Q=,xrQqexp91fWQ/r3c167N+5+sWgI=
60,-60,9VAMwhLjjV7hRVij8crcoMb/78Q=,NMDejyzt5O3fiCIB8pMgg0BPdD0=
57,-60,9VAMwhLjjV7hRVij8crcoMb/78Q=,NMDejyzt5O3fiCIB8pMgg0BPdD0=
58,-60,9VAMwhLjjV7hRVij8crcoMb/78Q=,NMDejyzt5O3fiCIB8pMgg0BPdD0=
59,-60,9VAMwhLjjV7hRVij8crcoMb/78Q=,NMDejyzt5O3fiCIB8pMgg0BPdD0=
55,-60,9VAMwhLjjV7hRVij8crcoMb/78Q=,NMDejyzt5O3fiCIB8pMgg0BPdD0=
54,-60,9VAMwhLjjV7hRVij8crcoMb/78Q=,NMDejyzt5O3fiCIB8pMgg0BPdD0=
56,-60,9VAMwhLjjV7hRVij8crcoMb/78Q=,NMDejyzt5O3fiCIB8pMgg0BPdD0=
53,-60,9VAMwhLjjV7hRVij8crcoMb/78Q=,NMDejyzt5O3fiCIB8pMgg0BPdD0=
51,-55,9VAMwhLjjV7hRVij8crcoMb/78Q=,xrQqexp91fWQ/r3c167N+5+sWgI=
52,-56,9VAMwhLjjV7hRVij8crcoMb/78Q=,xrQqexp91fWQ/r3c167N+5+sWgI=
55,-61,9VAMwhLjjV7hRVij8crcoMb/78Q=,NMDejyzt5O3fiCIB8pMgg0BPdD0=
54,-61,9VAMwhLjjV7hRVij8crcoMb/78Q=,NMDejyzt5O3fiCIB8pMgg0BPdD0=
52,-57,9VAMwhLjjV7hRVij8crcoMb/78Q=,NMDejyzt5O3fiCIB8pMgg0BPdD0=
53,-61,9VAMwhLjjV7hRVij8crcoMb/78Q=,NMDejyzt5O3fiCIB8pMgg0BPdD0=
51,-56,9VAMwhLjjV7hRVij8crcoMb/78Q=,xrQqexp91fWQ/r3c167N+5+sWgI=
51,-58,9VAMwhLjjV7hRVij8crcoMb/78Q=,NMDejyzt5O3fiCIB8pMgg0BPdD0=
51,-57,9VAMwhLjjV7hRVij8crcoMb/78Q=,NMDejyzt5O3fiCIB8pMgg0BPdD0=
52,-58,9VAMwhLjjV7hRVij8crcoMb/78Q=,NMDejyzt5O3fiCIB8pMgg0BPdD0=
60,-61,9VAMwhLjjV7hRVij8crcoMb/78Q=,NMDejyzt5O3fiCIB8pMgg0BPdD0=
59,-61,9VAMwhLjjV7hRVij8crcoMb/78Q=,NMDejyzt5O3fiCIB8pMgg0BPdD0=
52,-63,9VAMwhLjjV7hRVij8crcoMb/78Q=,NMDejyzt5O3fiCIB8pMgg0BPdD0=
52,-64,9VAMwhLjjV7hRVij8crcoMb/78Q=,NMDejyzt5O3fiCIB8pMgg0BPdD0=
52,-59,9VAMwhLjjV7hRVij8crcoMb/78Q=,NMDejyzt5O3fiCIB8pMgg0BPdD0=
51,-63,9VAMwhLjjV7hRVij8crcoMb/78Q=,NMDejyzt5O3fiCIB8pMgg0BPdD0=
56,-61,9VAMwhLjjV7hRVij8crcoMb/78Q=,NMDejyzt5O3fiCIB8pMgg0BPdD0=
51,-59,9VAMwhLjjV7hRVij8crcoMb/78Q=,NMDejyzt5O3fiCIB8pMgg0BPdD0=
52,-54,9VAMwhLjjV7hRVij8crcoMb/78Q=,xrQqexp91fWQ/r3c167N+5+sWgI=
53,-55,9VAMwhLjjV7hRVij8crcoMb/78Q=,xrQqexp91fWQ/r3c167N+5+sWgI=
53,-54,9VAMwhLjjV7hRVij8crcoMb/78Q=,xrQqexp91fWQ/r3c167N+5+sWgI=
54,-55,9VAMwhLjjV7hRVij8crcoMb/78Q=,xrQqexp91fWQ/r3c167N+5+sWgI=
54,-54,9VAMwhLjjV7hRVij8crcoMb/78Q=,xrQqexp91fWQ/r3c167N+5+sWgI=
56,-58,9VAMwhLjjV7hRVij8crcoMb/78Q=,NMDejyzt5O3fiCIB8pMgg0BPdD0=
53,-56,9VAMwhLjjV7hRVij8crcoMb/78Q=,xrQqexp91fWQ/r3c167N+5+sWgI=
55,-55,9VAMwhLjjV7hRVij8crcoMb/78Q=,xrQqexp91fWQ/r3c167N+5+sWgI=
57,-58,9VAMwhLjjV7hRVij8crcoMb/78Q=,NMDejyzt5O3fiCIB8pMgg0BPdD0=
55,-56,9VAMwhLjjV7hRVij8crcoMb/78Q=,xrQqexp91fWQ/r3c167N+5+sWgI=
53,-52,9VAMwhLjjV7hRVij8crcoMb/78Q=,xrQqexp91fWQ/r3c167N+5+sWgI=
54,-52,9VAMwhLjjV7hRVij8crcoMb/78Q=,xrQqexp91fWQ/r3c167N+5+sWgI=
60,-59,9VAMwhLjjV7hRVij8crcoMb/78Q=,NMDejyzt5O3fiCIB8pMgg0BPdD0=
59,-59,9VAMwhLjjV7hRVij8crcoMb/78Q=,NMDejyzt5O3fiCIB8pMgg0BPdD0=
56,-54,9VAMwhLjjV7hRVij8crcoMb/78Q=,hfRTAXyqXQdnPMFGFPXaKl5TpY4=
54,-57,9VAMwhLjjV7hRVij8crcoMb/78Q=,NMDejyzt5O3fiCIB8pMgg0BPdD0=
55,-57,9VAMwhLjjV7hRVij8crcoMb/78Q=,NMDejyzt5O3fiCIB8pMgg0BPdD0=
57,-54,9VAMwhLjjV7hRVij8crcoMb/78Q=,hfRTAXyqXQdnPMFGFPXaKl5TpY4=
55,-52,9VAMwhLjjV7hRVij8crcoMb/78Q=,xrQqexp91fWQ/r3c167N+5+sWgI=
60,-57,9VAMwhLjjV7hRVij8crcoMb/78Q=,NMDejyzt5O3fiCIB8pMgg0BPdD0=
53,-57,9VAMwhLjjV7hRVij8crcoMb/78Q=,NMDejyzt5O3fiCIB8pMgg0BPdD0=
58,-59,9VAMwhLjjV7hRVij8crcoMb/78Q=,NMDejyzt5O3fiCIB8pMgg0BPdD0=
57,-59,9VAMwhLjjV7hRVij8crcoMb/78Q=,NMDejyzt5O3fiCIB8pMgg0BPdD0=
55,-54,9VAMwhLjjV7hRVij8crcoMb/78Q=,xrQqexp91fWQ/r3c167N+5+sWgI=
55,-58,9VAMwhLjjV7hRVij8crcoMb/78Q=,NMDejyzt5O3fiCIB8pMgg0BPdD0=
56,-59,9VAMwhLjjV7hRVij8crcoMb/78Q=,NMDejyzt5O3fiCIB8pMgg0BPdD0=
58,-53,9VAMwhLjjV7hRVij8crcoMb/78Q=,hfRTAXyqXQdnPMFGFPXaKl5TpY4=
53,-58,9VAMwhLjjV7hRVij8crcoMb/78Q=,NMDejyzt5O3fiCIB8pMgg0BPdD0=
54,-58,9VAMwhLjjV7hRVij8crcoMb/78Q=,NMDejyzt5O3fiCIB8pMgg0BPdD0=
59,-57,9VAMwhLjjV7hRVij8crcoMb/78Q=,NMDejyzt5O3fiCIB8pMgg0BPdD0=
57,-53,9VAMwhLjjV7hRVij8crcoMb/78Q=,hfRTAXyqXQdnPMFGFPXaKl5TpY4=
54,-56,9VAMwhLjjV7hRVij8crcoMb/78Q=,xrQqexp91fWQ/r3c167N+5+sWgI=
60,-52,9VAMwhLjjV7hRVij8crcoMb/78Q=,hfRTAXyqXQdnPMFGFPXaKl5TpY4=
56,-53,9VAMwhLjjV7hRVij8crcoMb/78Q=,hfRTAXyqXQdnPMFGFPXaKl5TpY4=
59,-53,9VAMwhLjjV7hRVij8crcoMb/78Q=,hfRTAXyqXQdnPMFGFPXaKl5TpY4=
54,-53,9VAMwhLjjV7hRVij8crcoMb/78Q=,xrQqexp91fWQ/r3c167N+5+sWgI=
55,-53,9VAMwhLjjV7hRVij8crcoMb/78Q=,xrQqexp91fWQ/r3c167N+5+sWgI=
60,-53,9VAMwhLjjV7hRVij8crcoMb/78Q=,hfRTAXyqXQdnPMFGFPXaKl5TpY4=
53,-53,9VAMwhLjjV7hRVij8crcoMb/78Q=,xrQqexp91fWQ/r3c167N+5+sWgI=
59,-52,9VAMwhLjjV7hRVij8crcoMb/78Q=,hfRTAXyqXQdnPMFGFPXaKl5TpY4=
55,-59,9VAMwhLjjV7hRVij8crcoMb/78Q=,NMDejyzt5O3fiCIB8pMgg0BPdD0=
54,-59,9VAMwhLjjV7hRVij8crcoMb/78Q=,NMDejyzt5O3fiCIB8pMgg0BPdD0=
53,-59,9VAMwhLjjV7hRVij8crcoMb/78Q=,NMDejyzt5O3fiCIB8pMgg0BPdD0=
58,-52,9VAMwhLjjV7hRVij8crcoMb/78Q=,hfRTAXyqXQdnPMFGFPXaKl5TpY4=
57,-52,9VAMwhLjjV7hRVij8crcoMb/78Q=,hfRTAXyqXQdnPMFGFPXaKl5TpY4=
56,-55,9VAMwhLjjV7hRVij8crcoMb/78Q=,hfRTAXyqXQdnPMFGFPXaKl5TpY4=
60,-55,9VAMwhLjjV7hRVij8crcoMb/78Q=,hfRTAXyqXQdnPMFGFPXaKl5TpY4=
56,-52,9VAMwhLjjV7hRVij8crcoMb/78Q=,hfRTAXyqXQdnPMFGFPXaKl5TpY4=
58,-57,9VAMwhLjjV7hRVij8crcoMb/78Q=,NMDejyzt5O3fiCIB8pMgg0BPdD0=
56,-56,9VAMwhLjjV7hRVij8crcoMb/78Q=,hfRTAXyqXQdnPMFGFPXaKl5TpY4=
57,-57,9VAMwhLjjV7hRVij8crcoMb/78Q=,NMDejyzt5O3fiCIB8pMgg0BPdD0=
56,-57,9VAMwhLjjV7hRVij8crcoMb/78Q=,NMDejyzt5O3fiCIB8pMgg0BPdD0=
59,-55,9VAMwhLjjV7hRVij8crcoMb/78Q=,hfRTAXyqXQdnPMFGFPXaKl5TpY4=
57,-56,9VAMwhLjjV7hRVij8crcoMb/78Q=,hfRTAXyqXQdnPMFGFPXaKl5TpY4=
58,-56,9VAMwhLjjV7hRVij8crcoMb/78Q=,hfRTAXyqXQdnPMFGFPXaKl5TpY4=
58,-58,9VAMwhLjjV7hRVij8crcoMb/78Q=,NMDejyzt5O3fiCIB8pMgg0BPdD0=
58,-54,9VAMwhLjjV7hRVij8crcoMb/78Q=,hfRTAXyqXQdnPMFGFPXaKl5TpY4=
59,-54,9VAMwhLjjV7hRVij8crcoMb/78Q=,hfRTAXyqXQdnPMFGFPXaKl5TpY4=
60,-54,9VAMwhLjjV7hRVij8crcoMb/78Q=,hfRTAXyqXQdnPMFGFPXaKl5TpY4=
57,-55,9VAMwhLjjV7hRVij8crcoMb/78Q=,hfRTAXyqXQdnPMFGFPXaKl5TpY4=
59,-56,9VAMwhLjjV7hRVij8crcoMb/78Q=,hfRTAXyqXQdnPMFGFPXaKl5TpY4=
58,-55,9VAMwhLjjV7hRVij8crcoMb/78Q=,hfRTAXyqXQdnPMFGFPXaKl5TpY4=
60,-56,9VAMwhLjjV7hRVij8crcoMb/78Q=,hfRTAXyqXQdnPMFGFPXaKl5TpY4=
60,-58,9VAMwhLjjV7hRVij8crcoMb/78Q=,NMDejyzt5O3fiCIB8pMgg0BPdD0=
59,-58,9VAMwhLjjV7hRVij8crcoMb/78Q=,NMDejyzt5O3fiCIB8pMgg0BPdD0=
61,-61,9VAMwhLjjV7hRVij8crcoMb/78Q=,NMDejyzt5O3fiCIB8pMgg0BPdD0=
63,-60,9VAMwhLjjV7hRVij8crcoMb/78Q=,NMDejyzt5O3fiCIB8pMgg0BPdD0=
62,-60,9VAMwhLjjV7hRVij8crcoMb/78Q=,NMDejyzt5O3fiCIB8pMgg0BPdD0=
61,-60,9VAMwhLjjV7hRVij8crcoMb/78Q=,NMDejyzt5O3fiCIB8pMgg0BPdD0=
62,-61,9VAMwhLjjV7hRVij8crcoMb/78Q=,NMDejyzt5O3fiCIB8pMgg0BPdD0=
63,-61,9VAMwhLjjV7hRVij8crcoMb/78Q=,NMDejyzt5O3fiCIB8pMgg0BPdD0=
54,-62,37qhhdCTVEvDZfZl8TP/TkkgpbA=,NMDejyzt5O3fiCIB8pMgg0BPdD0=
53,-62,37qhhdCTVEvDZfZl8TP/TkkgpbA=,NMDejyzt5O3fiCIB8pMgg0BPdD0=
57,-64,37qhhdCTVEvDZfZl8TP/TkkgpbA=,NMDejyzt5O3fiCIB8pMgg0BPdD0=
56,-64,37qhhdCTVEvDZfZl8TP/TkkgpbA=,NMDejyzt5O3fiCIB8pMgg0BPdD0=
59,-62,37qhhdCTVEvDZfZl8TP/TkkgpbA=,NMDejyzt5O3fiCIB8pMgg0BPdD0=
60,-62,37qhhdCTVEvDZfZl8TP/TkkgpbA=,NMDejyzt5O3fiCIB8pMgg0BPdD0=
56,-62,37qhhdCTVEvDZfZl8TP/TkkgpbA=,NMDejyzt5O3fiCIB8pMgg0BPdD0=
57,-62,37qhhdCTVEvDZfZl8TP/TkkgpbA=,NMDejyzt5O3fiCIB8pMgg0BPdD0=
60,-63,37qhhdCTVEvDZfZl8TP/TkkgpbA=,NMDejyzt5O3fiCIB8pMgg0BPdD0=
54,-63,37qhhdCTVEvDZfZl8TP/TkkgpbA=,NMDejyzt5O3fiCIB8pMgg0BPdD0=
58,-62,37qhhdCTVEvDZfZl8TP/TkkgpbA=,NMDejyzt5O3fiCIB8pMgg0BPdD0=
59,-63,37qhhdCTVEvDZfZl8TP/TkkgpbA=,NMDejyzt5O3fiCIB8pMgg0BPdD0=
53,-63,37qhhdCTVEvDZfZl8TP/TkkgpbA=,NMDejyzt5O3fiCIB8pMgg0BPdD0=
58,-63,37qhhdCTVEvDZfZl8TP/TkkgpbA=,NMDejyzt5O3fiCIB8pMgg0BPdD0=
55,-63,37qhhdCTVEvDZfZl8TP/TkkgpbA=,NMDejyzt5O3fiCIB8pMgg0BPdD0=
55,-64,37qhhdCTVEvDZfZl8TP/TkkgpbA=,NMDejyzt5O3fiCIB8pMgg0BPdD0=
53,-64,37qhhdCTVEvDZfZl8TP/TkkgpbA=,NMDejyzt5O3fiCIB8pMgg0BPdD0=
54,-64,37qhhdCTVEvDZfZl8TP/TkkgpbA=,NMDejyzt5O3fiCIB8pMgg0BPdD0=
56,-63,37qhhdCTVEvDZfZl8TP/TkkgpbA=,NMDejyzt5O3fiCIB8pMgg0BPdD0=
60,-64,37qhhdCTVEvDZfZl8TP/TkkgpbA=,NMDejyzt5O3fiCIB8pMgg0BPdD0=
57,-63,37qhhdCTVEvDZfZl8TP/TkkgpbA=,NMDejyzt5O3fiCIB8pMgg0BPdD0=
55,-62,37qhhdCTVEvDZfZl8TP/TkkgpbA=,NMDejyzt5O3fiCIB8pMgg0BPdD0=
58,-64,37qhhdCTVEvDZfZl8TP/TkkgpbA=,NMDejyzt5O3fiCIB8pMgg0BPdD0=
59,-64,37qhhdCTVEvDZfZl8TP/TkkgpbA=,NMDejyzt5O3fiCIB8pMgg0BPdD0=
62,-57,37qhhdCTVEvDZfZl8TP/TkkgpbA=,NMDejyzt5O3fiCIB8pMgg0BPdD0=
63,-57,37qhhdCTVEvDZfZl8TP/TkkgpbA=,NMDejyzt5O3fiCIB8pMgg0BPdD0=
61,-56,37qhhdCTVEvDZfZl8TP/TkkgpbA=,hfRTAXyqXQdnPMFGFPXaKl5TpY4=
61,-57,37qhhdCTVEvDZfZl8TP/TkkgpbA=,NMDejyzt5O3fiCIB8pMgg0BPdD0=
61,-53,37qhhdCTVEvDZfZl8TP/TkkgpbA=,hfRTAXyqXQdnPMFGFPXaKl5TpY4=
62,-59,37qhhdCTVEvDZfZl8TP/TkkgpbA=,NMDejyzt5O3fiCIB8pMgg0BPdD0=
62,-52,37qhhdCTVEvDZfZl8TP/TkkgpbA=,hfRTAXyqXQdnPMFGFPXaKl5TpY4=
61,-54,37qhhdCTVEvDZfZl8TP/TkkgpbA=,hfRTAXyqXQdnPMFGFPXaKl5TpY4=
62,-56,37qhhdCTVEvDZfZl8TP/TkkgpbA=,hfRTAXyqXQdnPMFGFPXaKl5TpY4=
63,-55,37qhhdCTVEvDZfZl8TP/TkkgpbA=,hfRTAXyqXQdnPMFGFPXaKl5TpY4=
62,-53,37qhhdCTVEvDZfZl8TP/TkkgpbA=,hfRTAXyqXQdnPMFGFPXaKl5TpY4=
62,-55,37qhhdCTVEvDZfZl8TP/TkkgpbA=,hfRTAXyqXQdnPMFGFPXaKl5TpY4=
63,-58,37qhhdCTVEvDZfZl8TP/TkkgpbA=,NMDejyzt5O3fiCIB8pMgg0BPdD0=
62,-58,37qhhdCTVEvDZfZl8TP/TkkgpbA=,NMDejyzt5O3fiCIB8pMgg0BPdD0=
63,-54,37qhhdCTVEvDZfZl8TP/TkkgpbA=,hfRTAXyqXQdnPMFGFPXaKl5TpY4=
61,-55,37qhhdCTVEvDZfZl8TP/TkkgpbA=,hfRTAXyqXQdnPMFGFPXaKl5TpY4=
61,-52,37qhhdCTVEvDZfZl8TP/TkkgpbA=,hfRTAXyqXQdnPMFGFPXaKl5TpY4=
61,-58,37qhhdCTVEvDZfZl8TP/TkkgpbA=,NMDejyzt5O3fiCIB8pMgg0BPdD0=
63,-56,37qhhdCTVEvDZfZl8TP/TkkgpbA=,hfRTAXyqXQdnPMFGFPXaKl5TpY4=
63,-53,37qhhdCTVEvDZfZl8TP/TkkgpbA=,hfRTAXyqXQdnPMFGFPXaKl5TpY4=
62,-54,37qhhdCTVEvDZfZl8TP/TkkgpbA=,hfRTAXyqXQdnPMFGFPXaKl5TpY4=
63,-52,37qhhdCTVEvDZfZl8TP/TkkgpbA=,hfRTAXyqXQdnPMFGFPXaKl5TpY4=
63,-59,37qhhdCTVEvDZfZl8TP/TkkgpbA=,NMDejyzt5O3fiCIB8pMgg0BPdD0=
61,-59,37qhhdCTVEvDZfZl8TP/TkkgpbA=,NMDejyzt5O3fiCIB8pMgg0BPdD0=
59,-50,37qhhdCTVEvDZfZl8TP/TkkgpbA=,hfRTAXyqXQdnPMFGFPXaKl5TpY4=
60,-50,37qhhdCTVEvDZfZl8TP/TkkgpbA=,hfRTAXyqXQdnPMFGFPXaKl5TpY4=
59,-49,37qhhdCTVEvDZfZl8TP/TkkgpbA=,hfRTAXyqXQdnPMFGFPXaKl5TpY4=
59,-51,37qhhdCTVEvDZfZl8TP/TkkgpbA=,hfRTAXyqXQdnPMFGFPXaKl5TpY4=
60,-51,37qhhdCTVEvDZfZl8TP/TkkgpbA=,hfRTAXyqXQdnPMFGFPXaKl5TpY4=
60,-49,37qhhdCTVEvDZfZl8TP/TkkgpbA=,hfRTAXyqXQdnPMFGFPXaKl5TpY4=
55,-49,37qhhdCTVEvDZfZl8TP/TkkgpbA=,xrQqexp91fWQ/r3c167N+5+sWgI=
56,-50,37qhhdCTVEvDZfZl8TP/TkkgpbA=,hfRTAXyqXQdnPMFGFPXaKl5TpY4=
52,-50,37qhhdCTVEvDZfZl8TP/TkkgpbA=,xrQqexp91fWQ/r3c167N+5+sWgI=
58,-50,37qhhdCTVEvDZfZl8TP/TkkgpbA=,hfRTAXyqXQdnPMFGFPXaKl5TpY4=
57,-51,37qhhdCTVEvDZfZl8TP/TkkgpbA=,hfRTAXyqXQdnPMFGFPXaKl5TpY4=
54,-49,37qhhdCTVEvDZfZl8TP/TkkgpbA=,xrQqexp91fWQ/r3c167N+5+sWgI=
56,-51,37qhhdCTVEvDZfZl8TP/TkkgpbA=,hfRTAXyqXQdnPMFGFPXaKl5TpY4=
53,-50,37qhhdCTVEvDZfZl8TP/TkkgpbA=,xrQqexp91fWQ/r3c167N+5+sWgI=
55,-51,37qhhdCTVEvDZfZl8TP/TkkgpbA=,xrQqexp91fWQ/r3c167N+5+sWgI=
52,-49,37qhhdCTVEvDZfZl8TP/TkkgpbA=,xrQqexp91fWQ/r3c167N+5+sWgI=
53,-49,37qhhdCTVEvDZfZl8TP/TkkgpbA=,xrQqexp91fWQ/r3c167N+5+sWgI=
54,-51,37qhhdCTVEvDZfZl8TP/TkkgpbA=,xrQqexp91fWQ/r3c167N+5+sWgI=
51,-50,37qhhdCTVEvDZfZl8TP/TkkgpbA=,xrQqexp91fWQ/r3c167N+5+sWgI=
51,-49,37qhhdCTVEvDZfZl8TP/TkkgpbA=,xrQqexp91fWQ/r3c167N+5+sWgI=
53,-51,37qhhdCTVEvDZfZl8TP/TkkgpbA=,xrQqexp91fWQ/r3c167N+5+sWgI=
57,-50,37qhhdCTVEvDZfZl8TP/TkkgpbA=,hfRTAXyqXQdnPMFGFPXaKl5TpY4=
58,-51,37qhhdCTVEvDZfZl8TP/TkkgpbA=,hfRTAXyqXQdnPMFGFPXaKl5TpY4=
57,-49,37qhhdCTVEvDZfZl8TP/TkkgpbA=,hfRTAXyqXQdnPMFGFPXaKl5TpY4=
54,-50,37qhhdCTVEvDZfZl8TP/TkkgpbA=,xrQqexp91fWQ/r3c167N+5+sWgI=
52,-51,37qhhdCTVEvDZfZl8TP/TkkgpbA=,xrQqexp91fWQ/r3c167N+5+sWgI=
56,-49,37qhhdCTVEvDZfZl8TP/TkkgpbA=,hfRTAXyqXQdnPMFGFPXaKl5TpY4=
51,-51,37qhhdCTVEvDZfZl8TP/TkkgpbA=,xrQqexp91fWQ/r3c167N+5+sWgI=
55,-50,37qhhdCTVEvDZfZl8TP/TkkgpbA=,xrQqexp91fWQ/r3c167N+5+sWgI=
58,-49,37qhhdCTVEvDZfZl8TP/TkkgpbA=,hfRTAXyqXQdnPMFGFPXaKl5TpY4=
63,-62,37qhhdCTVEvDZfZl8TP/TkkgpbA=,NMDejyzt5O3fiCIB8pMgg0BPdD0=
63,-63,37qhhdCTVEvDZfZl8TP/TkkgpbA=,NMDejyzt5O3fiCIB8pMgg0BPdD0=
61,-62,37qhhdCTVEvDZfZl8TP/TkkgpbA=,NMDejyzt5O3fiCIB8pMgg0BPdD0=
62,-62,37qhhdCTVEvDZfZl8TP/TkkgpbA=,NMDejyzt5O3fiCIB8pMgg0BPdD0=
61,-64,37qhhdCTVEvDZfZl8TP/TkkgpbA=,NMDejyzt5O3fiCIB8pMgg0BPdD0=
63,-64,37qhhdCTVEvDZfZl8TP/TkkgpbA=,NMDejyzt5O3fiCIB8pMgg0BPdD0=
62,-63,37qhhdCTVEvDZfZl8TP/TkkgpbA=,NMDejyzt5O3fiCIB8pMgg0BPdD0=
62,-64,37qhhdCTVEvDZfZl8TP/TkkgpbA=,NMDejyzt5O3fiCIB8pMgg0BPdD0=
61,-63,37qhhdCTVEvDZfZl8TP/TkkgpbA=,NMDejyzt5O3fiCIB8pMgg0BPdD0=
61,-50,37qhhdCTVEvDZfZl8TP/TkkgpbA=,hfRTAXyqXQdnPMFGFPXaKl5TpY4=
63,-49,37qhhdCTVEvDZfZl8TP/TkkgpbA=,hfRTAXyqXQdnPMFGFPXaKl5TpY4=
62,-51,37qhhdCTVEvDZfZl8TP/TkkgpbA=,hfRTAXyqXQdnPMFGFPXaKl5TpY4=
63,-51,37qhhdCTVEvDZfZl8TP/TkkgpbA=,hfRTAXyqXQdnPMFGFPXaKl5TpY4=
62,-49,37qhhdCTVEvDZfZl8TP/TkkgpbA=,hfRTAXyqXQdnPMFGFPXaKl5TpY4=
61,-49,37qhhdCTVEvDZfZl8TP/TkkgpbA=,hfRTAXyqXQdnPMFGFPXaKl5TpY4=
63,-50,37qhhdCTVEvDZfZl8TP/TkkgpbA=,hfRTAXyqXQdnPMFGFPXaKl5TpY4=
62,-50,37qhhdCTVEvDZfZl8TP/TkkgpbA=,hfRTAXyqXQdnPMFGFPXaKl5TpY4=
61,-51,37qhhdCTVEvDZfZl8TP/TkkgpbA=,hfRTAXyqXQdnPMFGFPXaKl5TpY4=
48,-51,37qhhdCTVEvDZfZl8TP/TkkgpbA=,xrQqexp91fWQ/r3c167N+5+sWgI=
48,-61,37qhhdCTVEvDZfZl8TP/TkkgpbA=,NMDejyzt5O3fiCIB8pMgg0BPdD0=
49,-52,sIanXO0aZc16MhRG3J9aAvyRUHo=,xrQqexp91fWQ/r3c167N+5+sWgI=
50,-49,sIanXO0aZc16MhRG3J9aAvyRUHo=,xrQqexp91fWQ/r3c167N+5+sWgI=
48,-52,sIanXO0aZc16MhRG3J9aAvyRUHo=,xrQqexp91fWQ/r3c167N+5+sWgI=
50,-53,sIanXO0aZc16MhRG3J9aAvyRUHo=,xrQqexp91fWQ/r3c167N+5+sWgI=
48,-50,sIanXO0aZc16MhRG3J9aAvyRUHo=,xrQqexp91fWQ/r3c167N+5+sWgI=
50,-50,sIanXO0aZc16MhRG3J9aAvyRUHo=,xrQqexp91fWQ/r3c167N+5+sWgI=
49,-61,sIanXO0aZc16MhRG3J9aAvyRUHo=,NMDejyzt5O3fiCIB8pMgg0BPdD0=
49,-50,sIanXO0aZc16MhRG3J9aAvyRUHo=,xrQqexp91fWQ/r3c167N+5+sWgI=
50,-52,sIanXO0aZc16MhRG3J9aAvyRUHo=,xrQqexp91fWQ/r3c167N+5+sWgI=
50,-54,sIanXO0aZc16MhRG3J9aAvyRUHo=,xrQqexp91fWQ/r3c167N+5+sWgI=
48,-49,sIanXO0aZc16MhRG3J9aAvyRUHo=,xrQqexp91fWQ/r3c167N+5+sWgI=
49,-49,sIanXO0aZc16MhRG3J9aAvyRUHo=,xrQqexp91fWQ/r3c167N+5+sWgI=
50,-62,sIanXO0aZc16MhRG3J9aAvyRUHo=,NMDejyzt5O3fiCIB8pMgg0BPdD0=
48,-53,sIanXO0aZc16MhRG3J9aAvyRUHo=,xrQqexp91fWQ/r3c167N+5+sWgI=
50,-61,sIanXO0aZc16MhRG3J9aAvyRUHo=,NMDejyzt5O3fiCIB8pMgg0BPdD0=
49,-54,sIanXO0aZc16MhRG3J9aAvyRUHo=,xrQqexp91fWQ/r3c167N+5+sWgI=
50,-55,sIanXO0aZc16MhRG3J9aAvyRUHo=,xrQqexp91fWQ/r3c167N+5+sWgI=
48,-54,sIanXO0aZc16MhRG3J9aAvyRUHo=,xrQqexp91fWQ/r3c167N+5+sWgI=
49,-62,sIanXO0aZc16MhRG3J9aAvyRUHo=,NMDejyzt5O3fiCIB8pMgg0BPdD0=
48,-64,sIanXO0aZc16MhRG3J9aAvyRUHo=,NMDejyzt5O3fiCIB8pMgg0BPdD0=
50,-51,sIanXO0aZc16MhRG3J9aAvyRUHo=,xrQqexp91fWQ/r3c167N+5+sWgI=
49,-55,sIanXO0aZc16MhRG3J9aAvyRUHo=,xrQqexp91fWQ/r3c167N+5+sWgI=
49,-53,sIanXO0aZc16MhRG3J9aAvyRUHo=,xrQqexp91fWQ/r3c167N+5+sWgI=
48,-55,sIanXO0aZc16MhRG3J9aAvyRUHo=,xrQqexp91fWQ/r3c167N+5+sWgI=
49,-51,sIanXO0aZc16MhRG3J9aAvyRUHo=,xrQqexp91fWQ/r3c167N+5+sWgI=
50,-56,sIanXO0aZc16MhRG3J9aAvyRUHo=,xrQqexp91fWQ/r3c167N+5+sWgI=
48,-62,sIanXO0aZc16MhRG3J9aAvyRUHo=,NMDejyzt5O3fiCIB8pMgg0BPdD0=
48,-60,sIanXO0aZc16MhRG3J9aAvyRUHo=,NMDejyzt5O3fiCIB8pMgg0BPdD0=
49,-56,sIanXO0aZc16MhRG3J9aAvyRUHo=,xrQqexp91fWQ/r3c167N+5+sWgI=
48,-56,sIanXO0aZc16MhRG3J9aAvyRUHo=,xrQqexp91fWQ/r3c167N+5+sWgI=
48,-57,sIanXO0aZc16MhRG3J9aAvyRUHo=,NMDejyzt5O3fiCIB8pMgg0BPdD0=
49,-57,sIanXO0aZc16MhRG3J9aAvyRUHo=,NMDejyzt5O3fiCIB8pMgg0BPdD0=
50,-58,sIanXO0aZc16MhRG3J9aAvyRUHo=,NMDejyzt5O3fiCIB8pMgg0BPdD0=
49,-58,sIanXO0aZc16MhRG3J9aAvyRUHo=,NMDejyzt5O3fiCIB8pMgg0BPdD0=
49,-64,sIanXO0aZc16MhRG3J9aAvyRUHo=,NMDejyzt5O3fiCIB8pMgg0BPdD0=
49,-63,sIanXO0aZc16MhRG3J9aAvyRUHo=,NMDejyzt5O3fiCIB8pMgg0BPdD0=
48,-63,sIanXO0aZc16MhRG3J9aAvyRUHo=,NMDejyzt5O3fiCIB8pMgg0BPdD0=
48,-58,sIanXO0aZc16MhRG3J9aAvyRUHo=,NMDejyzt5O3fiCIB8pMgg0BPdD0=
48,-59,sIanXO0aZc16MhRG3J9aAvyRUHo=,NMDejyzt5O3fiCIB8pMgg0BPdD0=
50,-63,sIanXO0aZc16MhRG3J9aAvyRUHo=,NMDejyzt5O3fiCIB8pMgg0BPdD0=
50,-59,sIanXO0aZc16MhRG3J9aAvyRUHo=,NMDejyzt5O3fiCIB8pMgg0BPdD0=
49,-59,sIanXO0aZc16MhRG3J9aAvyRUHo=,NMDejyzt5O3fiCIB8pMgg0BPdD0=
50,-57,sIanXO0aZc16MhRG3J9aAvyRUHo=,NMDejyzt5O3fiCIB8pMgg0BPdD0=
50,-64,sIanXO0aZc16MhRG3J9aAvyRUHo=,NMDejyzt5O3fiCIB8pMgg0BPdD0=
50,-60,sIanXO0aZc16MhRG3J9aAvyRUHo=,NMDejyzt5O3fiCIB8pMgg0BPdD0=
49,-60,sIanXO0aZc16MhRG3J9aAvyRUHo=,NMDejyzt5O3fiCIB8pMgg0BPdD0=
35,-59,iYrA6XoN9KUT0cD7DycNKyr3w9A=,NMDejyzt5O3fiCIB8pMgg0BPdD0=
35,-64,vH9Jq7ZId5v89DXgQ0MlKwaFaP0=,NMDejyzt5O3fiCIB8pMgg0BPdD0=
36,-54,vH9Jq7ZId5v89DXgQ0MlKwaFaP0=,2QzKReBvpsPOy9SRL9M2JwbiPdc=
36,-59,vH9Jq7ZId5v89DXgQ0MlKwaFaP0=,NMDejyzt5O3fiCIB8pMgg0BPdD0=
36,-62,vH9Jq7ZId5v89DXgQ0MlKwaFaP0=,NMDejyzt5O3fiCIB8pMgg0BPdD0=
35,-54,vH9Jq7ZId5v89DXgQ0MlKwaFaP0=,2QzKReBvpsPOy9SRL9M2JwbiPdc=
35,-53,vH9Jq7ZId5v89DXgQ0MlKwaFaP0=,2QzKReBvpsPOy9SRL9M2JwbiPdc=
35,-62,vH9Jq7ZId5v89DXgQ0MlKwaFaP0=,NMDejyzt5O3fiCIB8pMgg0BPdD0=
36,-52,vH9Jq7ZId5v89DXgQ0MlKwaFaP0=,2QzKReBvpsPOy9SRL9M2JwbiPdc=
36,-63,vH9Jq7ZId5v89DXgQ0MlKwaFaP0=,NMDejyzt5O3fiCIB8pMgg0BPdD0=
35,-63,vH9Jq7ZId5v89DXgQ0MlKwaFaP0=,NMDejyzt5O3fiCIB8pMgg0BPdD0=
42,-61,vH9Jq7ZId5v89DXgQ0MlKwaFaP0=,NMDejyzt5O3fiCIB8pMgg0BPdD0=
41,-61,vH9Jq7ZId5v89DXgQ0MlKwaFaP0=,NMDejyzt5O3fiCIB8pMgg0BPdD0=
43,-61,vH9Jq7ZId5v89DXgQ0MlKwaFaP0=,NMDejyzt5O3fiCIB8pMgg0BPdD0=
36,-60,vH9Jq7ZId5v89DXgQ0MlKwaFaP0=,NMDejyzt5O3fiCIB8pMgg0BPdD0=
35,-52,vH9Jq7ZId5v89DXgQ0MlKwaFaP0=,2QzKReBvpsPOy9SRL9M2JwbiPdc=
35,-58,vH9Jq7ZId5v89DXgQ0MlKwaFaP0=,NMDejyzt5O3fiCIB8pMgg0BPdD0=
36,-55,vH9Jq7ZId5v89DXgQ0MlKwaFaP0=,2QzKReBvpsPOy9SRL9M2JwbiPdc=
37,-61,vH9Jq7ZId5v89DXgQ0MlKwaFaP0=,NMDejyzt5O3fiCIB8pMgg0BPdD0=
35,-60,vH9Jq7ZId5v89DXgQ0MlKwaFaP0=,NMDejyzt5O3fiCIB8pMgg0BPdD0=
35,-55,vH9Jq7ZId5v89DXgQ0MlKwaFaP0=,2QzKReBvpsPOy9SRL9M2JwbiPdc=
36,-58,vH9Jq7ZId5v89DXgQ0MlKwaFaP0=,NMDejyzt5O3fiCIB8pMgg0BPdD0=
44,-60,vH9Jq7ZId5v89DXgQ0MlKwaFaP0=,NMDejyzt5O3fiCIB8pMgg0BPdD0=
43,-60,vH9Jq7ZId5v89DXgQ0MlKwaFaP0=,NMDejyzt5O3fiCIB8pMgg0BPdD0=
40,-61,vH9Jq7ZId5v89DXgQ0MlKwaFaP0=,NMDejyzt5O3fiCIB8pMgg0BPdD0=
36,-56,vH9Jq7ZId5v89DXgQ0MlKwaFaP0=,2QzKReBvpsPOy9SRL9M2JwbiPdc=
35,-56,vH9Jq7ZId5v89DXgQ0MlKwaFaP0=,2QzKReBvpsPOy9SRL9M2JwbiPdc=
44,-61,vH9Jq7ZId5v89DXgQ0MlKwaFaP0=,NMDejyzt5O3fiCIB8pMgg0BPdD0=
36,-53,vH9Jq7ZId5v89DXgQ0MlKwaFaP0=,2QzKReBvpsPOy9SRL9M2JwbiPdc=
42,-60,vH9Jq7ZId5v89DXgQ0MlKwaFaP0=,NMDejyzt5O3fiCIB8pMgg0BPdD0=
36,-61,vH9Jq7ZId5v89DXgQ0MlKwaFaP0=,NMDejyzt5O3fiCIB8pMgg0BPdD0=
41,-60,vH9Jq7ZId5v89DXgQ0MlKwaFaP0=,NMDejyzt5O3fiCIB8pMgg0BPdD0=
36,-64,vH9Jq7ZId5v89DXgQ0MlKwaFaP0=,NMDejyzt5O3fiCIB8pMgg0BPdD0=
35,-57,vH9Jq7ZId5v89DXgQ0MlKwaFaP0=,NMDejyzt5O3fiCIB8pMgg0BPdD0=
39,-60,vH9Jq7ZId5v89DXgQ0MlKwaFaP0=,NMDejyzt5O3fiCIB8pMgg0BPdD0=
35,-61,vH9Jq7ZId5v89DXgQ0MlKwaFaP0=,NMDejyzt5O3fiCIB8pMgg0BPdD0=
38,-61,vH9Jq7ZId5v89DXgQ0MlKwaFaP0=,NMDejyzt5O3fiCIB8pMgg0BPdD0=
38,-60,vH9Jq7ZId5v89DXgQ0MlKwaFaP0=,NMDejyzt5O3fiCIB8pMgg0BPdD0=
37,-60,vH9Jq7ZId5v89DXgQ0MlKwaFaP0=,NMDejyzt5O3fiCIB8pMgg0BPdD0=
36,-57,vH9Jq7ZId5v89DXgQ0MlKwaFaP0=,NMDejyzt5O3fiCIB8pMgg0BPdD0=
40,-60,vH9Jq7ZId5v89DXgQ0MlKwaFaP0=,NMDejyzt5O3fiCIB8pMgg0BPdD0=
39,-61,vH9Jq7ZId5v89DXgQ0MlKwaFaP0=,NMDejyzt5O3fiCIB8pMgg0BPdD0=
40,-56,vH9Jq7ZId5v89DXgQ0MlKwaFaP0=,Y97jPnlfll9cCes+n9+8hmcOryE=
41,-58,vH9Jq7ZId5v89DXgQ0MlKwaFaP0=,NMDejyzt5O3fiCIB8pMgg0BPdD0=
44,-57,vH9Jq7ZId5v89DXgQ0MlKwaFaP0=,NMDejyzt5O3fiCIB8pMgg0BPdD0=
40,-58,vH9Jq7ZId5v89DXgQ0MlKwaFaP0=,NMDejyzt5O3fiCIB8pMgg0BPdD0=
37,-54,vH9Jq7ZId5v89DXgQ0MlKwaFaP0=,2QzKReBvpsPOy9SRL9M2JwbiPdc=
37,-52,vH9Jq7ZId5v89DXgQ0MlKwaFaP0=,2QzKReBvpsPOy9SRL9M2JwbiPdc=
39,-55,vH9Jq7ZId5v89DXgQ0MlKwaFaP0=,2QzKReBvpsPOy9SRL9M2JwbiPdc=
43,-52,vH9Jq7ZId5v89DXgQ0MlKwaFaP0=,Y97jPnlfll9cCes+n9+8hmcOryE=
40,-54,vH9Jq7ZId5v89DXgQ0MlKwaFaP0=,Y97jPnlfll9cCes+n9+8hmcOryE=
41,-54,vH9Jq7ZId5v89DXgQ0MlKwaFaP0=,Y97jPnlfll9cCes+n9+8hmcOryE=
38,-55,vH9Jq7ZId5v89DXgQ0MlKwaFaP0=,2QzKReBvpsPOy9SRL9M2JwbiPdc=
37,-55,vH9Jq7ZId5v89DXgQ0MlKwaFaP0=,2QzKReBvpsPOy9SRL9M2JwbiPdc=
43,-59,vH9Jq7ZId5v89DXgQ0MlKwaFaP0=,NMDejyzt5O3fiCIB8pMgg0BPdD0=
42,-52,vH9Jq7ZId5v89DXgQ0MlKwaFaP0=,Y97jPnlfll9cCes+n9+8hmcOryE=
39,-56,vH9Jq7ZId5v89DXgQ0MlKwaFaP0=,2QzKReBvpsPOy9SRL9M2JwbiPdc=
42,-59,vH9Jq7ZId5v89DXgQ0MlKwaFaP0=,NMDejyzt5O3fiCIB8pMgg0BPdD0=
41,-59,AsEPGS6tOzIgv0Vqye4z0KE0CmA=,NMDejyzt5O3fiCIB8pMgg0BPdD0=
41,-52,AsEPGS6tOzIgv0Vqye4z0KE0CmA=,Y97jPnlfll9cCes+n9+8hmcOryE=
38,-56,AsEPGS6tOzIgv0Vqye4z0KE0CmA=,2QzKReBvpsPOy9SRL9M2JwbiPdc=
37,-56,AsEPGS6tOzIgv0Vqye4z0KE0CmA=,2QzKReBvpsPOy9SRL9M2JwbiPdc=
44,-59,AsEPGS6tOzIgv0Vqye4z0KE0CmA=,NMDejyzt5O3fiCIB8pMgg0BPdD0=
44,-52,AsEPGS6tOzIgv0Vqye4z0KE0CmA=,Y97jPnlfll9cCes+n9+8hmcOryE=
41,-56,AsEPGS6tOzIgv0Vqye4z0KE0CmA=,Y97jPnlfll9cCes+n9+8hmcOryE=
43,-53,AsEPGS6tOzIgv0Vqye4z0KE0CmA=,Y97jPnlfll9cCes+n9+8hmcOryE=
40,-59,AsEPGS6tOzIgv0Vqye4z0KE0CmA=,NMDejyzt5O3fiCIB8pMgg0BPdD0=
40,-57,AsEPGS6tOzIgv0Vqye4z0KE0CmA=,NMDejyzt5O3fiCIB8pMgg0BPdD0=
39,-57,AsEPGS6tOzIgv0Vqye4z0KE0CmA=,NMDejyzt5O3fiCIB8pMgg0BPdD0=
42,-54,AsEPGS6tOzIgv0Vqye4z0KE0CmA=,Y97jPnlfll9cCes+n9+8hmcOryE=
42,-56,AsEPGS6tOzIgv0Vqye4z0KE0CmA=,Y97jPnlfll9cCes+n9+8hmcOryE=
43,-57,AsEPGS6tOzIgv0Vqye4z0KE0CmA=,NMDejyzt5O3fiCIB8pMgg0BPdD0=
38,-57,AsEPGS6tOzIgv0Vqye4z0KE0CmA=,NMDejyzt5O3fiCIB8pMgg0BPdD0=
37,-57,AsEPGS6tOzIgv0Vqye4z0KE0CmA=,NMDejyzt5O3fiCIB8pMgg0BPdD0=
39,-58,AsEPGS6tOzIgv0Vqye4z0KE0CmA=,NMDejyzt5O3fiCIB8pMgg0BPdD0=
44,-55,AsEPGS6tOzIgv0Vqye4z0KE0CmA=,Y97jPnlfll9cCes+n9+8hmcOryE=
39,-53,AsEPGS6tOzIgv0Vqye4z0KE0CmA=,2QzKReBvpsPOy9SRL9M2JwbiPdc=
38,-58,AsEPGS6tOzIgv0Vqye4z0KE0CmA=,NMDejyzt5O3fiCIB8pMgg0BPdD0=
38,-53,AsEPGS6tOzIgv0Vqye4z0KE0CmA=,2QzKReBvpsPOy9SRL9M2JwbiPdc=
42,-57,AsEPGS6tOzIgv0Vqye4z0KE0CmA=,NMDejyzt5O3fiCIB8pMgg0BPdD0=
40,-55,AsEPGS6tOzIgv0Vqye4z0KE0CmA=,Y97jPnlfll9cCes+n9+8hmcOryE=
44,-58,AsEPGS6tOzIgv0Vqye4z0KE0CmA=,NMDejyzt5O3fiCIB8pMgg0BPdD0=
43,-58,AsEPGS6tOzIgv0Vqye4z0KE0CmA=,NMDejyzt5O3fiCIB8pMgg0BPdD0=
37,-58,AsEPGS6tOzIgv0Vqye4z0KE0CmA=,NMDejyzt5O3fiCIB8pMgg0BPdD0=
43,-54,AsEPGS6tOzIgv0Vqye4z0KE0CmA=,Y97jPnlfll9cCes+n9+8hmcOryE=
41,-53,AsEPGS6tOzIgv0Vqye4z0KE0CmA=,Y97jPnlfll9cCes+n9+8hmcOryE=
44,-53,AsEPGS6tOzIgv0Vqye4z0KE0CmA=,Y97jPnlfll9cCes+n9+8hmcOryE=
42,-58,AsEPGS6tOzIgv0Vqye4z0KE0CmA=,NMDejyzt5O3fiCIB8pMgg0BPdD0=
42,-53,AsEPGS6tOzIgv0Vqye4z0KE0CmA=,Y97jPnlfll9cCes+n9+8hmcOryE=
38,-59,AsEPGS6tOzIgv0Vqye4z0KE0CmA=,NMDejyzt5O3fiCIB8pMgg0BPdD0=
37,-59,AsEPGS6tOzIgv0Vqye4z0KE0CmA=,NMDejyzt5O3fiCIB8pMgg0BPdD0=
43,-55,AsEPGS6tOzIgv0Vqye4z0KE0CmA=,Y97jPnlfll9cCes+n9+8hmcOryE=
41,-57,AsEPGS6tOzIgv0Vqye4z0KE0CmA=,NMDejyzt5O3fiCIB8pMgg0BPdD0=
39,-54,AsEPGS6tOzIgv0Vqye4z0KE0CmA=,2QzKReBvpsPOy9SRL9M2JwbiPdc=
38,-54,AsEPGS6tOzIgv0Vqye4z0KE0CmA=,2QzKReBvpsPOy9SRL9M2JwbiPdc=
40,-52,AsEPGS6tOzIgv0Vqye4z0KE0CmA=,Y97jPnlfll9cCes+n9+8hmcOryE=
42,-55,AsEPGS6tOzIgv0Vqye4z0KE0CmA=,Y97jPnlfll9cCes+n9+8hmcOryE=
40,-53,AsEPGS6tOzIgv0Vqye4z0KE0CmA=,Y97jPnlfll9cCes+n9+8hmcOryE=
38,-52,AsEPGS6tOzIgv0Vqye4z0KE0CmA=,2QzKReBvpsPOy9SRL9M2JwbiPdc=
43,-56,AsEPGS6tOzIgv0Vqye4z0KE0CmA=,Y97jPnlfll9cCes+n9+8hmcOryE=
44,-56,AsEPGS6tOzIgv0Vqye4z0KE0CmA=,Y97jPnlfll9cCes+n9+8hmcOryE=
41,-55,AsEPGS6tOzIgv0Vqye4z0KE0CmA=,Y97jPnlfll9cCes+n9+8hmcOryE=
39,-59,AsEPGS6tOzIgv0Vqye4z0KE0CmA=,NMDejyzt5O3fiCIB8pMgg0BPdD0=
44,-54,AsEPGS6tOzIgv0Vqye4z0KE0CmA=,Y97jPnlfll9cCes+n9+8hmcOryE=
39,-52,AsEPGS6tOzIgv0Vqye4z0KE0CmA=,2QzKReBvpsPOy9SRL9M2JwbiPdc=
37,-53,AsEPGS6tOzIgv0Vqye4z0KE0CmA=,2QzKReBvpsPOy9SRL9M2JwbiPdc=
37,-62,AsEPGS6tOzIgv0Vqye4z0KE0CmA=,NMDejyzt5O3fiCIB8pMgg0BPdD0=
41,-64,AsEPGS6tOzIgv0Vqye4z0KE0CmA=,NMDejyzt5O3fiCIB8pMgg0BPdD0=
43,-62,AsEPGS6tOzIgv0Vqye4z0KE0CmA=,NMDejyzt5O3fiCIB8pMgg0BPdD0=
41,-62,AsEPGS6tOzIgv0Vqye4z0KE0CmA=,NMDejyzt5O3fiCIB8pMgg0BPdD0=
40,-62,AsEPGS6tOzIgv0Vqye4z0KE0CmA=,NMDejyzt5O3fiCIB8pMgg0BPdD0=
39,-63,AsEPGS6tOzIgv0Vqye4z0KE0CmA=,NMDejyzt5O3fiCIB8pMgg0BPdD0=
44,-62,AsEPGS6tOzIgv0Vqye4z0KE0CmA=,NMDejyzt5O3fiCIB8pMgg0BPdD0=
40,-64,AsEPGS6tOzIgv0Vqye4z0KE0CmA=,NMDejyzt5O3fiCIB8pMgg0BPdD0=
37,-63,AsEPGS6tOzIgv0Vqye4z0KE0CmA=,NMDejyzt5O3fiCIB8pMgg0BPdD0=
43,-63,AsEPGS6tOzIgv0Vqye4z0KE0CmA=,NMDejyzt5O3fiCIB8pMgg0BPdD0=
42,-63,AsEPGS6tOzIgv0Vqye4z0KE0CmA=,NMDejyzt5O3fiCIB8pMgg0BPdD0=
38,-64,AsEPGS6tOzIgv0Vqye4z0KE0CmA=,NMDejyzt5O3fiCIB8pMgg0BPdD0=
38,-62,AsEPGS6tOzIgv0Vqye4z0KE0CmA=,NMDejyzt5O3fiCIB8pMgg0BPdD0=
39,-64,AsEPGS6tOzIgv0Vqye4z0KE0CmA=,NMDejyzt5O3fiCIB8pMgg0BPdD0=
44,-63,AsEPGS6tOzIgv0Vqye4z0KE0CmA=,NMDejyzt5O3fiCIB8pMgg0BPdD0=
42,-62,AsEPGS6tOzIgv0Vqye4z0KE0CmA=,NMDejyzt5O3fiCIB8pMgg0BPdD0=
37,-64,AsEPGS6tOzIgv0Vqye4z0KE0CmA=,NMDejyzt5O3fiCIB8pMgg0BPdD0=
41,-63,AsEPGS6tOzIgv0Vqye4z0KE0CmA=,NMDejyzt5O3fiCIB8pMgg0BPdD0=
39,-62,AsEPGS6tOzIgv0Vqye4z0KE0CmA=,NMDejyzt5O3fiCIB8pMgg0BPdD0=
44,-64,AsEPGS6tOzIgv0Vqye4z0KE0CmA=,NMDejyzt5O3fiCIB8pMgg0BPdD0=
42,-64,AsEPGS6tOzIgv0Vqye4z0KE0CmA=,NMDejyzt5O3fiCIB8pMgg0BPdD0=
40,-63,AsEPGS6tOzIgv0Vqye4z0KE0CmA=,NMDejyzt5O3fiCIB8pMgg0BPdD0=
43,-64,AsEPGS6tOzIgv0Vqye4z0KE0CmA=,NMDejyzt5O3fiCIB8pMgg0BPdD0=
43,-49,AsEPGS6tOzIgv0Vqye4z0KE0CmA=,Y97jPnlfll9cCes+n9+8hmcOryE=
44,-49,AsEPGS6tOzIgv0Vqye4z0KE0CmA=,Y97jPnlfll9cCes+n9+8hmcOryE=
38,-63,AsEPGS6tOzIgv0Vqye4z0KE0CmA=,NMDejyzt5O3fiCIB8pMgg0BPdD0=
43,-50,AsEPGS6tOzIgv0Vqye4z0KE0CmA=,Y97jPnlfll9cCes+n9+8hmcOryE=
43,-51,AsEPGS6tOzIgv0Vqye4z0KE0CmA=,Y97jPnlfll9cCes+n9+8hmcOryE=
44,-50,AsEPGS6tOzIgv0Vqye4z0KE0CmA=,Y97jPnlfll9cCes+n9+8hmcOryE=
44,-51,AsEPGS6tOzIgv0Vqye4z0KE0CmA=,Y97jPnlfll9cCes+n9+8hmcOryE=
47,-53,AsEPGS6tOzIgv0Vqye4z0KE0CmA=,Y97jPnlfll9cCes+n9+8hmcOryE=
47,-52,AsEPGS6tOzIgv0Vqye4z0KE0CmA=,Y97jPnlfll9cCes+n9+8hmcOryE=
46,-53,AsEPGS6tOzIgv0Vqye4z0KE0CmA=,Y97jPnlfll9cCes+n9+8hmcOryE=
45,-52,AsEPGS6tOzIgv0Vqye4z0KE0CmA=,Y97jPnlfll9cCes+n9+8hmcOryE=
45,-53,AsEPGS6tOzIgv0Vqye4z0KE0CmA=,Y97jPnlfll9cCes+n9+8hmcOryE=
46,-52,AsEPGS6tOzIgv0Vqye4z0KE0CmA=,Y97jPnlfll9cCes+n9+8hmcOryE=
46,-57,AsEPGS6tOzIgv0Vqye4z0KE0CmA=,NMDejyzt5O3fiCIB8pMgg0BPdD0=
47,-62,AsEPGS6tOzIgv0Vqye4z0KE0CmA=,NMDejyzt5O3fiCIB8pMgg0BPdD0=
47,-57,AsEPGS6tOzIgv0Vqye4z0KE0CmA=,NMDejyzt5O3fiCIB8pMgg0BPdD0=
46,-62,AsEPGS6tOzIgv0Vqye4z0KE0CmA=,NMDejyzt5O3fiCIB8pMgg0BPdD0=
47,-55,AsEPGS6tOzIgv0Vqye4z0KE0CmA=,Y97jPnlfll9cCes+n9+8hmcOryE=
45,-62,AsEPGS6tOzIgv0Vqye4z0KE0CmA=,NMDejyzt5O3fiCIB8pMgg0BPdD0=
45,-54,AsEPGS6tOzIgv0Vqye4z0KE0CmA=,Y97jPnlfll9cCes+n9+8hmcOryE=
47,-59,AsEPGS6tOzIgv0Vqye4z0KE0CmA=,NMDejyzt5O3fiCIB8pMgg0BPdD0=
32,-61,AsEPGS6tOzIgv0Vqye4z0KE0CmA=,NMDejyzt5O3fiCIB8pMgg0BPdD0=
46,-59,AsEPGS6tOzIgv0Vqye4z0KE0CmA=,NMDejyzt5O3fiCIB8pMgg0BPdD0=
45,-57,AsEPGS6tOzIgv0Vqye4z0KE0CmA=,NMDejyzt5O3fiCIB8pMgg0BPdD0=
33,-61,AsEPGS6tOzIgv0Vqye4z0KE0CmA=,NMDejyzt5O3fiCIB8pMgg0BPdD0=
45,-59,AsEPGS6tOzIgv0Vqye4z0KE0CmA=,NMDejyzt5O3fiCIB8pMgg0BPdD0=
47,-63,AsEPGS6tOzIgv0Vqye4z0KE0CmA=,NMDejyzt5O3fiCIB8pMgg0BPdD0=
46,-63,AsEPGS6tOzIgv0Vqye4z0KE0CmA=,NMDejyzt5O3fiCIB8pMgg0BPdD0=
47,-60,AsEPGS6tOzIgv0Vqye4z0KE0CmA=,NMDejyzt5O3fiCIB8pMgg0BPdD0=
34,-60,AsEPGS6tOzIgv0Vqye4z0KE0CmA=,NMDejyzt5O3fiCIB8pMgg0BPdD0=
34,-61,AsEPGS6tOzIgv0Vqye4z0KE0CmA=,NMDejyzt5O3fiCIB8pMgg0BPdD0=
46,-60,AsEPGS6tOzIgv0Vqye4z0KE0CmA=,NMDejyzt5O3fiCIB8pMgg0BPdD0=
45,-55,AsEPGS6tOzIgv0Vqye4z0KE0CmA=,Y97jPnlfll9cCes+n9+8hmcOryE=
45,-60,AsEPGS6tOzIgv0Vqye4z0KE0CmA=,NMDejyzt5O3fiCIB8pMgg0BPdD0=
32,-60,AsEPGS6tOzIgv0Vqye4z0KE0CmA=,NMDejyzt5O3fiCIB8pMgg0BPdD0=
33,-60,AsEPGS6tOzIgv0Vqye4z0KE0CmA=,NMDejyzt5O3fiCIB8pMgg0BPdD0=
47,-56,AsEPGS6tOzIgv0Vqye4z0KE0CmA=,Y97jPnlfll9cCes+n9+8hmcOryE=
47,-61,AsEPGS6tOzIgv0Vqye4z0KE0CmA=,NMDejyzt5O3fiCIB8pMgg0BPdD0=
45,-58,AsEPGS6tOzIgv0Vqye4z0KE0CmA=,NMDejyzt5O3fiCIB8pMgg0BPdD0=
46,-61,AsEPGS6tOzIgv0Vqye4z0KE0CmA=,NMDejyzt5O3fiCIB8pMgg0BPdD0=
32,-59,AsEPGS6tOzIgv0Vqye4z0KE0CmA=,NMDejyzt5O3fiCIB8pMgg0BPdD0=
45,-61,AsEPGS6tOzIgv0Vqye4z0KE0CmA=,NMDejyzt5O3fiCIB8pMgg0BPdD0=
46,-56,AsEPGS6tOzIgv0Vqye4z0KE0CmA=,Y97jPnlfll9cCes+n9+8hmcOryE=
46,-55,AsEPGS6tOzIgv0Vqye4z0KE0CmA=,Y97jPnlfll9cCes+n9+8hmcOryE=
33,-59,21r+YXYwmFaKXVseOR9jhJSEugY=,NMDejyzt5O3fiCIB8pMgg0BPdD0=
45,-56,21r+YXYwmFaKXVseOR9jhJSEugY=,Y97jPnlfll9cCes+n9+8hmcOryE=
47,-64,21r+YXYwmFaKXVseOR9jhJSEugY=,NMDejyzt5O3fiCIB8pMgg0BPdD0=
32,-53,21r+YXYwmFaKXVseOR9jhJSEugY=,2QzKReBvpsPOy9SRL9M2JwbiPdc=
46,-64,21r+YXYwmFaKXVseOR9jhJSEugY=,NMDejyzt5O3fiCIB8pMgg0BPdD0=
34,-54,21r+YXYwmFaKXVseOR9jhJSEugY=,2QzKReBvpsPOy9SRL9M2JwbiPdc=
46,-54,21r+YXYwmFaKXVseOR9jhJSEugY=,Y97jPnlfll9cCes+n9+8hmcOryE=
47,-54,21r+YXYwmFaKXVseOR9jhJSEugY=,Y97jPnlfll9cCes+n9+8hmcOryE=
45,-64,21r+YXYwmFaKXVseOR9jhJSEugY=,NMDejyzt5O3fiCIB8pMgg0BPdD0=
34,-59,21r+YXYwmFaKXVseOR9jhJSEugY=,NMDejyzt5O3fiCIB8pMgg0BPdD0=
45,-63,21r+YXYwmFaKXVseOR9jhJSEugY=,NMDejyzt5O3fiCIB8pMgg0BPdD0=
46,-58,21r+YXYwmFaKXVseOR9jhJSEugY=,NMDejyzt5O3fiCIB8pMgg0BPdD0=
32,-54,21r+YXYwmFaKXVseOR9jhJSEugY=,2QzKReBvpsPOy9SRL9M2JwbiPdc=
34,-52,21r+YXYwmFaKXVseOR9jhJSEugY=,2QzKReBvpsPOy9SRL9M2JwbiPdc=
47,-58,21r+YXYwmFaKXVseOR9jhJSEugY=,NMDejyzt5O3fiCIB8pMgg0BPdD0=
33,-53,21r+YXYwmFaKXVseOR9jhJSEugY=,2QzKReBvpsPOy9SRL9M2JwbiPdc=
33,-54,21r+YXYwmFaKXVseOR9jhJSEugY=,2QzKReBvpsPOy9SRL9M2JwbiPdc=
32,-58,21r+YXYwmFaKXVseOR9jhJSEugY=,NMDejyzt5O3fiCIB8pMgg0BPdD0=
33,-52,21r+YXYwmFaKXVseOR9jhJSEugY=,2QzKReBvpsPOy9SRL9M2JwbiPdc=
32,-55,21r+YXYwmFaKXVseOR9jhJSEugY=,2QzKReBvpsPOy9SRL9M2JwbiPdc=
34,-56,21r+YXYwmFaKXVseOR9jhJSEugY=,2QzKReBvpsPOy9SRL9M2JwbiPdc=
32,-56,21r+YXYwmFaKXVseOR9jhJSEugY=,2QzKReBvpsPOy9SRL9M2JwbiPdc=
34,-57,21r+YXYwmFaKXVseOR9jhJSEugY=,NMDejyzt5O3fiCIB8pMgg0BPdD0=
34,-53,21r+YXYwmFaKXVseOR9jhJSEugY=,2QzKReBvpsPOy9SRL9M2JwbiPdc=
33,-56,21r+YXYwmFaKXVseOR9jhJSEugY=,2QzKReBvpsPOy9SRL9M2JwbiPdc=
33,-58,21r+YXYwmFaKXVseOR9jhJSEugY=,NMDejyzt5O3fiCIB8pMgg0BPdD0=
33,-57,21r+YXYwmFaKXVseOR9jhJSEugY=,NMDejyzt5O3fiCIB8pMgg0BPdD0=
32,-57,21r+YXYwmFaKXVseOR9jhJSEugY=,NMDejyzt5O3fiCIB8pMgg0BPdD0=
34,-58,21r+YXYwmFaKXVseOR9jhJSEugY=,NMDejyzt5O3fiCIB8pMgg0BPdD0=
32,-52,21r+YXYwmFaKXVseOR9jhJSEugY=,2QzKReBvpsPOy9SRL9M2JwbiPdc=
34,-55,21r+YXYwmFaKXVseOR9jhJSEugY=,2QzKReBvpsPOy9SRL9M2JwbiPdc=
33,-55,21r+YXYwmFaKXVseOR9jhJSEugY=,2QzKReBvpsPOy9SRL9M2JwbiPdc=
40,-49,21r+YXYwmFaKXVseOR9jhJSEugY=,Y97jPnlfll9cCes+n9+8hmcOryE=
39,-49,21r+YXYwmFaKXVseOR9jhJSEugY=,2QzKReBvpsPOy9SRL9M2JwbiPdc=
42,-49,21r+YXYwmFaKXVseOR9jhJSEugY=,Y97jPnlfll9cCes+n9+8hmcOryE=
41,-49,21r+YXYwmFaKXVseOR9jhJSEugY=,Y97jPnlfll9cCes+n9+8hmcOryE=
38,-50,21r+YXYwmFaKXVseOR9jhJSEugY=,2QzKReBvpsPOy9SRL9M2JwbiPdc=
36,-49,21r+YXYwmFaKXVseOR9jhJSEugY=,2QzKReBvpsPOy9SRL9M2JwbiPdc=
38,-49,21r+YXYwmFaKXVseOR9jhJSEugY=,2QzKReBvpsPOy9SRL9M2JwbiPdc=
36,-50,21r+YXYwmFaKXVseOR9jhJSEugY=,2QzKReBvpsPOy9SRL9M2JwbiPdc=
37,-50,21r+YXYwmFaKXVseOR9jhJSEugY=,2QzKReBvpsPOy9SRL9M2JwbiPdc=
41,-50,21r+YXYwmFaKXVseOR9jhJSEugY=,Y97jPnlfll9cCes+n9+8hmcOryE=
42,-50,21r+YXYwmFaKXVseOR9jhJSEugY=,Y97jPnlfll9cCes+n9+8hmcOryE=
40,-50,21r+YXYwmFaKXVseOR9jhJSEugY=,Y97jPnlfll9cCes+n9+8hmcOryE=
42,-51,21r+YXYwmFaKXVseOR9jhJSEugY=,Y97jPnlfll9cCes+n9+8hmcOryE=
37,-49,21r+YXYwmFaKXVseOR9jhJSEugY=,2QzKReBvpsPOy9SRL9M2JwbiPdc=
35,-50,21r+YXYwmFaKXVseOR9jhJSEugY=,2QzKReBvpsPOy9SRL9M2JwbiPdc=
39,-50,21r+YXYwmFaKXVseOR9jhJSEugY=,2QzKReBvpsPOy9SRL9M2JwbiPdc=
39,-51,21r+YXYwmFaKXVseOR9jhJSEugY=,2QzKReBvpsPOy9SRL9M2JwbiPdc=
38,-51,21r+YXYwmFaKXVseOR9jhJSEugY=,2QzKReBvpsPOy9SRL9M2JwbiPdc=
37,-51,21r+YXYwmFaKXVseOR9jhJSEugY=,2QzKReBvpsPOy9SRL9M2JwbiPdc=
36,-51,21r+YXYwmFaKXVseOR9jhJSEugY=,2QzKReBvpsPOy9SRL9M2JwbiPdc=
41,-51,21r+YXYwmFaKXVseOR9jhJSEugY=,Y97jPnlfll9cCes+n9+8hmcOryE=
35,-49,21r+YXYwmFaKXVseOR9jhJSEugY=,2QzKReBvpsPOy9SRL9M2JwbiPdc=
40,-51,21r+YXYwmFaKXVseOR9jhJSEugY=,Y97jPnlfll9cCes+n9+8hmcOryE=
35,-51,21r+YXYwmFaKXVseOR9jhJSEugY=,2QzKReBvpsPOy9SRL9M2JwbiPdc=
32,-64,21r+YXYwmFaKXVseOR9jhJSEugY=,NMDejyzt5O3fiCIB8pMgg0BPdD0=
32,-63,21r+YXYwmFaKXVseOR9jhJSEugY=,NMDejyzt5O3fiCIB8pMgg0BPdD0=
32,-62,21r+YXYwmFaKXVseOR9jhJSEugY=,NMDejyzt5O3fiCIB8pMgg0BPdD0=
33,-62,21r+YXYwmFaKXVseOR9jhJSEugY=,NMDejyzt5O3fiCIB8pMgg0BPdD0=
33,-63,21r+YXYwmFaKXVseOR9jhJSEugY=,NMDejyzt5O3fiCIB8pMgg0BPdD0=
33,-64,21r+YXYwmFaKXVseOR9jhJSEugY=,NMDejyzt5O3fiCIB8pMgg0BPdD0=
34,-63,21r+YXYwmFaKXVseOR9jhJSEugY=,NMDejyzt5O3fiCIB8pMgg0BPdD0=
34,-64,21r+YXYwmFaKXVseOR9jhJSEugY=,NMDejyzt5O3fiCIB8pMgg0BPdD0=
34,-62,21r+YXYwmFaKXVseOR9jhJSEugY=,NMDejyzt5O3fiCIB8pMgg0BPdD0=
32,-49,21r+YXYwmFaKXVseOR9jhJSEugY=,2QzKReBvpsPOy9SRL9M2JwbiPdc=
32,-50,21r+YXYwmFaKXVseOR9jhJSEugY=,2QzKReBvpsPOy9SRL9M2JwbiPdc=
34,-50,21r+YXYwmFaKXVseOR9jhJSEugY=,2QzKReBvpsPOy9SRL9M2JwbiPdc=
33,-50,21r+YXYwmFaKXVseOR9jhJSEugY=,2QzKReBvpsPOy9SRL9M2JwbiPdc=
33,-49,21r+YXYwmFaKXVseOR9jhJSEugY=,2QzKReBvpsPOy9SRL9M2JwbiPdc=
32,-51,21r+YXYwmFaKXVseOR9jhJSEugY=,2QzKReBvpsPOy9SRL9M2JwbiPdc=
34,-49,21r+YXYwmFaKXVseOR9jhJSEugY=,2QzKReBvpsPOy9SRL9M2JwbiPdc=
34,-51,21r+YXYwmFaKXVseOR9jhJSEugY=,2QzKReBvpsPOy9SRL9M2JwbiPdc=
45,-49,21r+YXYwmFaKXVseOR9jhJSEugY=,Y97jPnlfll9cCes+n9+8hmcOryE=
33,-51,21r+YXYwmFaKXVseOR9jhJSEugY=,2QzKReBvpsPOy9SRL9M2JwbiPdc=
47,-50,21r+YXYwmFaKXVseOR9jhJSEugY=,Y97jPnlfll9cCes+n9+8hmcOryE=
47,-49,21r+YXYwmFaKXVseOR9jhJSEugY=,Y97jPnlfll9cCes+n9+8hmcOryE=
47,-51,21r+YXYwmFaKXVseOR9jhJSEugY=,Y97jPnlfll9cCes+n9+8hmcOryE=
46,-51,21r+YXYwmFaKXVseOR9jhJSEugY=,Y97jPnlfll9cCes+n9+8hmcOryE=
46,-49,21r+YXYwmFaKXVseOR9jhJSEugY=,Y97jPnlfll9cCes+n9+8hmcOryE=
45,-50,21r+YXYwmFaKXVseOR9jhJSEugY=,Y97jPnlfll9cCes+n9+8hmcOryE=
46,-50,21r+YXYwmFaKXVseOR9jhJSEugY=,Y97jPnlfll9cCes+n9+8hmcOryE=
45,-51,21r+YXYwmFaKXVseOR9jhJSEugY=,Y97jPnlfll9cCes+n9+8hmcOryE=
35,-37,yY3KYT1SQNIod37AJ4VChJXsTeg=,zlyNOPSdrTJayfHQtXSiqJpwqMc=
36,-37,yY3KYT1SQNIod37AJ4VChJXsTeg=,zlyNOPSdrTJayfHQtXSiqJpwqMc=
35,-36,yY3KYT1SQNIod37AJ4VChJXsTeg=,zlyNOPSdrTJayfHQtXSiqJpwqMc=
36,-36,yY3KYT1SQNIod37AJ4VChJXsTeg=,zlyNOPSdrTJayfHQtXSiqJpwqMc=
43,-45,yY3KYT1SQNIod37AJ4VChJXsTeg=,pyQ4z9rPilcdBnt3Xwlmaygwon8=
44,-45,yY3KYT1SQNIod37AJ4VChJXsTeg=,pyQ4z9rPilcdBnt3Xwlmaygwon8=
43,-44,yY3KYT1SQNIod37AJ4VChJXsTeg=,pyQ4z9rPilcdBnt3Xwlmaygwon8=
44,-44,yY3KYT1SQNIod37AJ4VChJXsTeg=,pyQ4z9rPilcdBnt3Xwlmaygwon8=
42,-45,yY3KYT1SQNIod37AJ4VChJXsTeg=,pyQ4z9rPilcdBnt3Xwlmaygwon8=
35,-45,yY3KYT1SQNIod37AJ4VChJXsTeg=,9yJfVKmAiEZSszsM8r4l/xAj6I4=
36,-45,yY3KYT1SQNIod37AJ4VChJXsTeg=,9yJfVKmAiEZSszsM8r4l/xAj6I4=
41,-45,yY3KYT1SQNIod37AJ4VChJXsTeg=,pyQ4z9rPilcdBnt3Xwlmaygwon8=
40,-45,yY3KYT1SQNIod37AJ4VChJXsTeg=,pyQ4z9rPilcdBnt3Xwlmaygwon8=
36,-46,yY3KYT1SQNIod37AJ4VChJXsTeg=,9yJfVKmAiEZSszsM8r4l/xAj6I4=
36,-39,yY3KYT1SQNIod37AJ4VChJXsTeg=,zlyNOPSdrTJayfHQtXSiqJpwqMc=
36,-38,yY3KYT1SQNIod37AJ4VChJXsTeg=,zlyNOPSdrTJayfHQtXSiqJpwqMc=
35,-46,yY3KYT1SQNIod37AJ4VChJXsTeg=,9yJfVKmAiEZSszsM8r4l/xAj6I4=
35,-39,yY3KYT1SQNIod37AJ4VChJXsTeg=,zlyNOPSdrTJayfHQtXSiqJpwqMc=
35,-40,yY3KYT1SQNIod37AJ4VChJXsTeg=,zlyNOPSdrTJayfHQtXSiqJpwqMc=
36,-47,yY3KYT1SQNIod37AJ4VChJXsTeg=,9yJfVKmAiEZSszsM8r4l/xAj6I4=
35,-41,yY3KYT1SQNIod37AJ4VChJXsTeg=,9yJfVKmAiEZSszsM8r4l/xAj6I4=
36,-40,yY3KYT1SQNIod37AJ4VChJXsTeg=,zlyNOPSdrTJayfHQtXSiqJpwqMc=
36,-42,yY3KYT1SQNIod37AJ4VChJXsTeg=,9yJfVKmAiEZSszsM8r4l/xAj6I4=
35,-47,yY3KYT1SQNIod37AJ4VChJXsTeg=,9yJfVKmAiEZSszsM8r4l/xAj6I4=
35,-42,yY3KYT1SQNIod37AJ4VChJXsTeg=,9yJfVKmAiEZSszsM8r4l/xAj6I4=
36,-43,yY3KYT1SQNIod37AJ4VChJXsTeg=,9yJfVKmAiEZSszsM8r4l/xAj6I4=
36,-41,yY3KYT1SQNIod37AJ4VChJXsTeg=,9yJfVKmAiEZSszsM8r4l/xAj6I4=
38,-44,yY3KYT1SQNIod37AJ4VChJXsTeg=,9yJfVKmAiEZSszsM8r4l/xAj6I4=
35,-43,yY3KYT1SQNIod37AJ4VChJXsTeg=,9yJfVKmAiEZSszsM8r4l/xAj6I4=
39,-44,yY3KYT1SQNIod37AJ4VChJXsTeg=,9yJfVKmAiEZSszsM8r4l/xAj6I4=
42,-44,yY3KYT1SQNIod37AJ4VChJXsTeg=,pyQ4z9rPilcdBnt3Xwlmaygwon8=
41,-44,yY3KYT1SQNIod37AJ4VChJXsTeg=,pyQ4z9rPilcdBnt3Xwlmaygwon8=
40,-44,yY3KYT1SQNIod37AJ4VChJXsTeg=,pyQ4z9rPilcdBnt3Xwlmaygwon8=
36,-44,yY3KYT1SQNIod37AJ4VChJXsTeg=,9yJfVKmAiEZSszsM8r4l/xAj6I4=
36,-48,yY3KYT1SQNIod37AJ4VChJXsTeg=,9yJfVKmAiEZSszsM8r4l/xAj6I4=
35,-44,yY3KYT1SQNIod37AJ4VChJXsTeg=,9yJfVKmAiEZSszsM8r4l/xAj6I4=
39,-45,yY3KYT1SQNIod37AJ4VChJXsTeg=,9yJfVKmAiEZSszsM8r4l/xAj6I4=
37,-45,yY3KYT1SQNIod37AJ4VChJXsTeg=,9yJfVKmAiEZSszsM8r4l/xAj6I4=
38,-45,yY3KYT1SQNIod37AJ4VChJXsTeg=,9yJfVKmAiEZSszsM8r4l/xAj6I4=
37,-44,yY3KYT1SQNIod37AJ4VChJXsTeg=,9yJfVKmAiEZSszsM8r4l/xAj6I4=
35,-38,yY3KYT1SQNIod37AJ4VChJXsTeg=,zlyNOPSdrTJayfHQtXSiqJpwqMc=
35,-48,yY3KYT1SQNIod37AJ4VChJXsTeg=,9yJfVKmAiEZSszsM8r4l/xAj6I4=
38,-46,yY3KYT1SQNIod37AJ4VChJXsTeg=,9yJfVKmAiEZSszsM8r4l/xAj6I4=
43,-47,yY3KYT1SQNIod37AJ4VChJXsTeg=,pyQ4z9rPilcdBnt3Xwlmaygwon8=
39,-46,yY3KYT1SQNIod37AJ4VChJXsTeg=,9yJfVKmAiEZSszsM8r4l/xAj6I4=
44,-47,505nrEl0dRaU8oEqTHi4kByY2sU=,pyQ4z9rPilcdBnt3Xwlmaygwon8=
41,-46,505nrEl0dRaU8oEqTHi4kByY2sU=,pyQ4z9rPilcdBnt3Xwlmaygwon8=
42,-46,505nrEl0dRaU8oEqTHi4kByY2sU=,pyQ4z9rPilcdBnt3Xwlmaygwon8=
37,-48,505nrEl0dRaU8oEqTHi4kByY2sU=,9yJfVKmAiEZSszsM8r4l/xAj6I4=
37,-46,505nrEl0dRaU8oEqTHi4kByY2sU=,9yJfVKmAiEZSszsM8r4l/xAj6I4=
41,-47,505nrEl0dRaU8oEqTHi4kByY2sU=,pyQ4z9rPilcdBnt3Xwlmaygwon8=
42,-47,505nrEl0dRaU8oEqTHi4kByY2sU=,pyQ4z9rPilcdBnt3Xwlmaygwon8=
42,-48,505nrEl0dRaU8oEqTHi4kByY2sU=,pyQ4z9rPilcdBnt3Xwlmaygwon8=
40,-47,505nrEl0dRaU8oEqTHi4kByY2sU=,pyQ4z9rPilcdBnt3Xwlmaygwon8=
39,-47,505nrEl0dRaU8oEqTHi4kByY2sU=,9yJfVKmAiEZSszsM8r4l/xAj6I4=
38,-47,505nrEl0dRaU8oEqTHi4kByY2sU=,9yJfVKmAiEZSszsM8r4l/xAj6I4=
43,-48,505nrEl0dRaU8oEqTHi4kByY2sU=,pyQ4z9rPilcdBnt3Xwlmaygwon8=
41,-48,505nrEl0dRaU8oEqTHi4kByY2sU=,pyQ4z9rPilcdBnt3Xwlmaygwon8=
37,-47,505nrEl0dRaU8oEqTHi4kByY2sU=,9yJfVKmAiEZSszsM8r4l/xAj6I4=
44,-48,505nrEl0dRaU8oEqTHi4kByY2sU=,pyQ4z9rPilcdBnt3Xwlmaygwon8=
38,-36,505nrEl0dRaU8oEqTHi4kByY2sU=,zlyNOPSdrTJayfHQtXSiqJpwqMc=
39,-36,505nrEl0dRaU8oEqTHi4kByY2sU=,zlyNOPSdrTJayfHQtXSiqJpwqMc=
40,-48,505nrEl0dRaU8oEqTHi4kByY2sU=,pyQ4z9rPilcdBnt3Xwlmaygwon8=
41,-37,505nrEl0dRaU8oEqTHi4kByY2sU=,hVpToRJwP4ALNFbpXcOzbcMJk9U=
41,-42,505nrEl0dRaU8oEqTHi4kByY2sU=,pyQ4z9rPilcdBnt3Xwlmaygwon8=
44,-46,505nrEl0dRaU8oEqTHi4kByY2sU=,pyQ4z9rPilcdBnt3Xwlmaygwon8=
40,-42,505nrEl0dRaU8oEqTHi4kByY2sU=,pyQ4z9rPilcdBnt3Xwlmaygwon8=
37,-36,505nrEl0dRaU8oEqTHi4kByY2sU=,zlyNOPSdrTJayfHQtXSiqJpwqMc=
42,-38,505nrEl0dRaU8oEqTHi4kByY2sU=,hVpToRJwP4ALNFbpXcOzbcMJk9U=
40,-37,505nrEl0dRaU8oEqTHi4kByY2sU=,hVpToRJwP4ALNFbpXcOzbcMJk9U=
37,-38,505nrEl0dRaU8oEqTHi4kByY2sU=,zlyNOPSdrTJayfHQtXSiqJpwqMc=
42,-37,505nrEl0dRaU8oEqTHi4kByY2sU=,hVpToRJwP4ALNFbpXcOzbcMJk9U=
40,-46,505nrEl0dRaU8oEqTHi4kByY2sU=,pyQ4z9rPilcdBnt3Xwlmaygwon8=
39,-48,505nrEl0dRaU8oEqTHi4kByY2sU=,9yJfVKmAiEZSszsM8r4l/xAj6I4=
39,-39,505nrEl0dRaU8oEqTHi4kByY2sU=,zlyNOPSdrTJayfHQtXSiqJpwqMc=
43,-43,505nrEl0dRaU8oEqTHi4kByY2sU=,pyQ4z9rPilcdBnt3Xwlmaygwon8=
43,-38,505nrEl0dRaU8oEqTHi4kByY2sU=,hVpToRJwP4ALNFbpXcOzbcMJk9U=
44,-43,505nrEl0dRaU8oEqTHi4kByY2sU=,pyQ4z9rPilcdBnt3Xwlmaygwon8=
41,-38,505nrEl0dRaU8oEqTHi4kByY2sU=,hVpToRJwP4ALNFbpXcOzbcMJk9U=
38,-39,505nrEl0dRaU8oEqTHi4kByY2sU=,zlyNOPSdrTJayfHQtXSiqJpwqMc=
40,-38,505nrEl0dRaU8oEqTHi4kByY2sU=,hVpToRJwP4ALNFbpXcOzbcMJk9U=
39,-40,505nrEl0dRaU8oEqTHi4kByY2sU=,zlyNOPSdrTJayfHQtXSiqJpwqMc=
43,-46,505nrEl0dRaU8oEqTHi4kByY2sU=,pyQ4z9rPilcdBnt3Xwlmaygwon8=
42,-42,505nrEl0dRaU8oEqTHi4kByY2sU=,pyQ4z9rPilcdBnt3Xwlmaygwon8=
38,-48,505nrEl0dRaU8oEqTHi4kByY2sU=,9yJfVKmAiEZSszsM8r4l/xAj6I4=
38,-40,505nrEl0dRaU8oEqTHi4kByY2sU=,zlyNOPSdrTJayfHQtXSiqJpwqMc=
32,-45,505nrEl0dRaU8oEqTHi4kByY2sU=,9yJfVKmAiEZSszsM8r4l/xAj6I4=
37,-40,505nrEl0dRaU8oEqTHi4kByY2sU=,zlyNOPSdrTJayfHQtXSiqJpwqMc=
39,-37,505nrEl0dRaU8oEqTHi4kByY2sU=,zlyNOPSdrTJayfHQtXSiqJpwqMc=
39,-41,505nrEl0dRaU8oEqTHi4kByY2sU=,9yJfVKmAiEZSszsM8r4l/xAj6I4=
38,-41,505nrEl0dRaU8oEqTHi4kByY2sU=,9yJfVKmAiEZSszsM8r4l/xAj6I4=
37,-41,505nrEl0dRaU8oEqTHi4kByY2sU=,9yJfVKmAiEZSszsM8r4l/xAj6I4=
38,-37,505nrEl0dRaU8oEqTHi4kByY2sU=,zlyNOPSdrTJayfHQtXSiqJpwqMc=
34,-44,505nrEl0dRaU8oEqTHi4kByY2sU=,9yJfVKmAiEZSszsM8r4l/xAj6I4=
33,-45,505nrEl0dRaU8oEqTHi4kByY2sU=,9yJfVKmAiEZSszsM8r4l/xAj6I4=
42,-43,505nrEl0dRaU8oEqTHi4kByY2sU=,pyQ4z9rPilcdBnt3Xwlmaygwon8=
37,-39,505nrEl0dRaU8oEqTHi4kByY2sU=,zlyNOPSdrTJayfHQtXSiqJpwqMc=
43,-42,505nrEl0dRaU8oEqTHi4kByY2sU=,pyQ4z9rPilcdBnt3Xwlmaygwon8=
34,-45,505nrEl0dRaU8oEqTHi4kByY2sU=,9yJfVKmAiEZSszsM8r4l/xAj6I4=
41,-43,505nrEl0dRaU8oEqTHi4kByY2sU=,pyQ4z9rPilcdBnt3Xwlmaygwon8=
40,-43,505nrEl0dRaU8oEqTHi4kByY2sU=,pyQ4z9rPilcdBnt3Xwlmaygwon8=
43,-41,505nrEl0dRaU8oEqTHi4kByY2sU=,pyQ4z9rPilcdBnt3Xwlmaygwon8=
44,-35,505nrEl0dRaU8oEqTHi4kByY2sU=,hVpToRJwP4ALNFbpXcOzbcMJk9U=
43,-35,505nrEl0dRaU8oEqTHi4kByY2sU=,hVpToRJwP4ALNFbpXcOzbcMJk9U=
37,-37,505nrEl0dRaU8oEqTHi4kByY2sU=,zlyNOPSdrTJayfHQtXSiqJpwqMc=
44,-41,505nrEl0dRaU8oEqTHi4kByY2sU=,pyQ4z9rPilcdBnt3Xwlmaygwon8=
39,-42,505nrEl0dRaU8oEqTHi4kByY2sU=,9yJfVKmAiEZSszsM8r4l/xAj6I4=
44,-38,505nrEl0dRaU8oEqTHi4kByY2sU=,hVpToRJwP4ALNFbpXcOzbcMJk9U=
32,-44,505nrEl0dRaU8oEqTHi4kByY2sU=,9yJfVKmAiEZSszsM8r4l/xAj6I4=
44,-33,505nrEl0dRaU8oEqTHi4kByY2sU=,hVpToRJwP4ALNFbpXcOzbcMJk9U=
40,-39,505nrEl0dRaU8oEqTHi4kByY2sU=,hVpToRJwP4ALNFbpXcOzbcMJk9U=
38,-42,505nrEl0dRaU8oEqTHi4kByY2sU=,9yJfVKmAiEZSszsM8r4l/xAj6I4=
37,-42,505nrEl0dRaU8oEqTHi4kByY2sU=,9yJfVKmAiEZSszsM8r4l/xAj6I4=
33,-44,505nrEl0dRaU8oEqTHi4kByY2sU=,9yJfVKmAiEZSszsM8r4l/xAj6I4=
44,-39,505nrEl0dRaU8oEqTHi4kByY2sU=,hVpToRJwP4ALNFbpXcOzbcMJk9U=
43,-39,505nrEl0dRaU8oEqTHi4kByY2sU=,hVpToRJwP4ALNFbpXcOzbcMJk9U=
38,-43,505nrEl0dRaU8oEqTHi4kByY2sU=,9yJfVKmAiEZSszsM8r4l/xAj6I4=
37,-43,505nrEl0dRaU8oEqTHi4kByY2sU=,9yJfVKmAiEZSszsM8r4l/xAj6I4=
39,-38,505nrEl0dRaU8oEqTHi4kByY2sU=,zlyNOPSdrTJayfHQtXSiqJpwqMc=
43,-33,505nrEl0dRaU8oEqTHi4kByY2sU=,hVpToRJwP4ALNFbpXcOzbcMJk9U=
44,-34,505nrEl0dRaU8oEqTHi4kByY2sU=,hVpToRJwP4ALNFbpXcOzbcMJk9U=
43,-37,505nrEl0dRaU8oEqTHi4kByY2sU=,hVpToRJwP4ALNFbpXcOzbcMJk9U=
42,-39,505nrEl0dRaU8oEqTHi4kByY2sU=,hVpToRJwP4ALNFbpXcOzbcMJk9U=
42,-41,505nrEl0dRaU8oEqTHi4kByY2sU=,pyQ4z9rPilcdBnt3Xwlmaygwon8=
41,-41,505nrEl0dRaU8oEqTHi4kByY2sU=,pyQ4z9rPilcdBnt3Xwlmaygwon8=
44,-37,505nrEl0dRaU8oEqTHi4kByY2sU=,hVpToRJwP4ALNFbpXcOzbcMJk9U=
43,-34,505nrEl0dRaU8oEqTHi4kByY2sU=,hVpToRJwP4ALNFbpXcOzbcMJk9U=
43,-36,505nrEl0dRaU8oEqTHi4kByY2sU=,hVpToRJwP4ALNFbpXcOzbcMJk9U=
44,-36,505nrEl0dRaU8oEqTHi4kByY2sU=,hVpToRJwP4ALNFbpXcOzbcMJk9U=
39,-43,505nrEl0dRaU8oEqTHi4kByY2sU=,9yJfVKmAiEZSszsM8r4l/xAj6I4=
44,-42,505nrEl0dRaU8oEqTHi4kByY2sU=,pyQ4z9rPilcdBnt3Xwlmaygwon8=
41,-36,505nrEl0dRaU8oEqTHi4kByY2sU=,hVpToRJwP4ALNFbpXcOzbcMJk9U=
38,-38,505nrEl0dRaU8oEqTHi4kByY2sU=,zlyNOPSdrTJayfHQtXSiqJpwqMc=
41,-39,505nrEl0dRaU8oEqTHi4kByY2sU=,hVpToRJwP4ALNFbpXcOzbcMJk9U=
40,-40,505nrEl0dRaU8oEqTHi4kByY2sU=,hVpToRJwP4ALNFbpXcOzbcMJk9U=
40,-36,505nrEl0dRaU8oEqTHi4kByY2sU=,hVpToRJwP4ALNFbpXcOzbcMJk9U=
40,-41,505nrEl0dRaU8oEqTHi4kByY2sU=,pyQ4z9rPilcdBnt3Xwlmaygwon8=
41,-40,505nrEl0dRaU8oEqTHi4kByY2sU=,hVpToRJwP4ALNFbpXcOzbcMJk9U=
42,-40,505nrEl0dRaU8oEqTHi4kByY2sU=,hVpToRJwP4ALNFbpXcOzbcMJk9U=
44,-40,505nrEl0dRaU8oEqTHi4kByY2sU=,hVpToRJwP4ALNFbpXcOzbcMJk9U=
43,-40,505nrEl0dRaU8oEqTHi4kByY2sU=,hVpToRJwP4ALNFbpXcOzbcMJk9U=
42,-36,505nrEl0dRaU8oEqTHi4kByY2sU=,hVpToRJwP4ALNFbpXcOzbcMJk9U=
45,-36,505nrEl0dRaU8oEqTHi4kByY2sU=,hVpToRJwP4ALNFbpXcOzbcMJk9U=
46,-36,505nrEl0dRaU8oEqTHi4kByY2sU=,hVpToRJwP4ALNFbpXcOzbcMJk9U=
45,-37,505nrEl0dRaU8oEqTHi4kByY2sU=,hVpToRJwP4ALNFbpXcOzbcMJk9U=
46,-37,505nrEl0dRaU8oEqTHi4kByY2sU=,hVpToRJwP4ALNFbpXcOzbcMJk9U=
47,-36,505nrEl0dRaU8oEqTHi4kByY2sU=,hVpToRJwP4ALNFbpXcOzbcMJk9U=
47,-37,505nrEl0dRaU8oEqTHi4kByY2sU=,hVpToRJwP4ALNFbpXcOzbcMJk9U=
45,-34,505nrEl0dRaU8oEqTHi4kByY2sU=,hVpToRJwP4ALNFbpXcOzbcMJk9U=
45,-35,505nrEl0dRaU8oEqTHi4kByY2sU=,hVpToRJwP4ALNFbpXcOzbcMJk9U=
46,-35,505nrEl0dRaU8oEqTHi4kByY2sU=,hVpToRJwP4ALNFbpXcOzbcMJk9U=
45,-33,505nrEl0dRaU8oEqTHi4kByY2sU=,hVpToRJwP4ALNFbpXcOzbcMJk9U=
46,-33,505nrEl0dRaU8oEqTHi4kByY2sU=,hVpToRJwP4ALNFbpXcOzbcMJk9U=
47,-35,505nrEl0dRaU8oEqTHi4kByY2sU=,hVpToRJwP4ALNFbpXcOzbcMJk9U=
47,-33,505nrEl0dRaU8oEqTHi4kByY2sU=,hVpToRJwP4ALNFbpXcOzbcMJk9U=
46,-34,505nrEl0dRaU8oEqTHi4kByY2sU=,hVpToRJwP4ALNFbpXcOzbcMJk9U=
47,-34,505nrEl0dRaU8oEqTHi4kByY2sU=,hVpToRJwP4ALNFbpXcOzbcMJk9U=
38,-34,505nrEl0dRaU8oEqTHi4kByY2sU=,zlyNOPSdrTJayfHQtXSiqJpwqMc=
36,-34,505nrEl0dRaU8oEqTHi4kByY2sU=,zlyNOPSdrTJayfHQtXSiqJpwqMc=
37,-34,505nrEl0dRaU8oEqTHi4kByY2sU=,zlyNOPSdrTJayfHQtXSiqJpwqMc=
41,-34,505nrEl0dRaU8oEqTHi4kByY2sU=,hVpToRJwP4ALNFbpXcOzbcMJk9U=
42,-34,505nrEl0dRaU8oEqTHi4kByY2sU=,hVpToRJwP4ALNFbpXcOzbcMJk9U=
40,-34,505nrEl0dRaU8oEqTHi4kByY2sU=,hVpToRJwP4ALNFbpXcOzbcMJk9U=
37,-33,505nrEl0dRaU8oEqTHi4kByY2sU=,zlyNOPSdrTJayfHQtXSiqJpwqMc=
41,-35,505nrEl0dRaU8oEqTHi4kByY2sU=,hVpToRJwP4ALNFbpXcOzbcMJk9U=
42,-35,505nrEl0dRaU8oEqTHi4kByY2sU=,hVpToRJwP4ALNFbpXcOzbcMJk9U=
36,-33,505nrEl0dRaU8oEqTHi4kByY2sU=,zlyNOPSdrTJayfHQtXSiqJpwqMc=
42,-33,505nrEl0dRaU8oEqTHi4kByY2sU=,hVpToRJwP4ALNFbpXcOzbcMJk9U=
38,-33,505nrEl0dRaU8oEqTHi4kByY2sU=,zlyNOPSdrTJayfHQtXSiqJpwqMc=
39,-33,505nrEl0dRaU8oEqTHi4kByY2sU=,zlyNOPSdrTJayfHQtXSiqJpwqMc=
35,-35,505nrEl0dRaU8oEqTHi4kByY2sU=,zlyNOPSdrTJayfHQtXSiqJpwqMc=
36,-35,505nrEl0dRaU8oEqTHi4kByY2sU=,zlyNOPSdrTJayfHQtXSiqJpwqMc=
39,-34,505nrEl0dRaU8oEqTHi4kByY2sU=,zlyNOPSdrTJayfHQtXSiqJpwqMc=
37,-35,505nrEl0dRaU8oEqTHi4kByY2sU=,zlyNOPSdrTJayfHQtXSiqJpwqMc=
41,-33,505nrEl0dRaU8oEqTHi4kByY2sU=,hVpToRJwP4ALNFbpXcOzbcMJk9U=
35,-33,505nrEl0dRaU8oEqTHi4kByY2sU=,zlyNOPSdrTJayfHQtXSiqJpwqMc=
35,-34,505nrEl0dRaU8oEqTHi4kByY2sU=,zlyNOPSdrTJayfHQtXSiqJpwqMc=
40,-33,505nrEl0dRaU8oEqTHi4kByY2sU=,hVpToRJwP4ALNFbpXcOzbcMJk9U=
38,-35,505nrEl0dRaU8oEqTHi4kByY2sU=,zlyNOPSdrTJayfHQtXSiqJpwqMc=
39,-35,505nrEl0dRaU8oEqTHi4kByY2sU=,zlyNOPSdrTJayfHQtXSiqJpwqMc=
40,-35,505nrEl0dRaU8oEqTHi4kByY2sU=,hVpToRJwP4ALNFbpXcOzbcMJk9U=
32,-33,505nrEl0dRaU8oEqTHi4kByY2sU=,zlyNOPSdrTJayfHQtXSiqJpwqMc=
33,-38,505nrEl0dRaU8oEqTHi4kByY2sU=,zlyNOPSdrTJayfHQtXSiqJpwqMc=
34,-38,R5lATJbNafrglxMSYvb5zdDZrz0=,zlyNOPSdrTJayfHQtXSiqJpwqMc=
32,-48,R5lATJbNafrglxMSYvb5zdDZrz0=,9yJfVKmAiEZSszsM8r4l/xAj6I4=
32,-38,R5lATJbNafrglxMSYvb5zdDZrz0=,zlyNOPSdrTJayfHQtXSiqJpwqMc=
33,-46,R5lATJbNafrglxMSYvb5zdDZrz0=,9yJfVKmAiEZSszsM8r4l/xAj6I4=
34,-46,R5lATJbNafrglxMSYvb5zdDZrz0=,9yJfVKmAiEZSszsM8r4l/xAj6I4=
32,-47,R5lATJbNafrglxMSYvb5zdDZrz0=,9yJfVKmAiEZSszsM8r4l/xAj6I4=
32,-46,R5lATJbNafrglxMSYvb5zdDZrz0=,9yJfVKmAiEZSszsM8r4l/xAj6I4=
32,-35,R5lATJbNafrglxMSYvb5zdDZrz0=,zlyNOPSdrTJayfHQtXSiqJpwqMc=
33,-47,R5lATJbNafrglxMSYvb5zdDZrz0=,9yJfVKmAiEZSszsM8r4l/xAj6I4=
34,-47,R5lATJbNafrglxMSYvb5zdDZrz0=,9yJfVKmAiEZSszsM8r4l/xAj6I4=
33,-48,R5lATJbNafrglxMSYvb5zdDZrz0=,9yJfVKmAiEZSszsM8r4l/xAj6I4=
33,-36,R5lATJbNafrglxMSYvb5zdDZrz0=,zlyNOPSdrTJayfHQtXSiqJpwqMc=
34,-48,R5lATJbNafrglxMSYvb5zdDZrz0=,9yJfVKmAiEZSszsM8r4l/xAj6I4=
34,-36,R5lATJbNafrglxMSYvb5zdDZrz0=,zlyNOPSdrTJayfHQtXSiqJpwqMc=
34,-40,R5lATJbNafrglxMSYvb5zdDZrz0=,zlyNOPSdrTJayfHQtXSiqJpwqMc=
33,-40,R5lATJbNafrglxMSYvb5zdDZrz0=,zlyNOPSdrTJayfHQtXSiqJpwqMc=
33,-39,R5lATJbNafrglxMSYvb5zdDZrz0=,zlyNOPSdrTJayfHQtXSiqJpwqMc=
34,-41,R5lATJbNafrglxMSYvb5zdDZrz0=,9yJfVKmAiEZSszsM8r4l/xAj6I4=
32,-40,R5lATJbNafrglxMSYvb5zdDZrz0=,zlyNOPSdrTJayfHQtXSiqJpwqMc=
34,-39,R5lATJbNafrglxMSYvb5zdDZrz0=,zlyNOPSdrTJayfHQtXSiqJpwqMc=
32,-39,R5lATJbNafrglxMSYvb5zdDZrz0=,zlyNOPSdrTJayfHQtXSiqJpwqMc=
33,-35,R5lATJbNafrglxMSYvb5zdDZrz0=,zlyNOPSdrTJayfHQtXSiqJpwqMc=
32,-36,R5lATJbNafrglxMSYvb5zdDZrz0=,zlyNOPSdrTJayfHQtXSiqJpwqMc=
33,-41,R5lATJbNafrglxMSYvb5zdDZrz0=,9yJfVKmAiEZSszsM8r4l/xAj6I4=
33,-42,R5lATJbNafrglxMSYvb5zdDZrz0=,9yJfVKmAiEZSszsM8r4l/xAj6I4=
34,-37,R5lATJbNafrglxMSYvb5zdDZrz0=,zlyNOPSdrTJayfHQtXSiqJpwqMc=
33,-37,R5lATJbNafrglxMSYvb5zdDZrz0=,zlyNOPSdrTJayfHQtXSiqJpwqMc=
34,-35,R5lATJbNafrglxMSYvb5zdDZrz0=,zlyNOPSdrTJayfHQtXSiqJpwqMc=
32,-37,R5lATJbNafrglxMSYvb5zdDZrz0=,zlyNOPSdrTJayfHQtXSiqJpwqMc=
32,-42,R5lATJbNafrglxMSYvb5zdDZrz0=,9yJfVKmAiEZSszsM8r4l/xAj6I4=
34,-42,R5lATJbNafrglxMSYvb5zdDZrz0=,9yJfVKmAiEZSszsM8r4l/xAj6I4=
34,-43,R5lATJbNafrglxMSYvb5zdDZrz0=,9yJfVKmAiEZSszsM8r4l/xAj6I4=
33,-34,R5lATJbNafrglxMSYvb5zdDZrz0=,zlyNOPSdrTJayfHQtXSiqJpwqMc=
33,-43,R5lATJbNafrglxMSYvb5zdDZrz0=,9yJfVKmAiEZSszsM8r4l/xAj6I4=
32,-41,R5lATJbNafrglxMSYvb5zdDZrz0=,9yJfVKmAiEZSszsM8r4l/xAj6I4=
34,-34,R5lATJbNafrglxMSYvb5zdDZrz0=,zlyNOPSdrTJayfHQtXSiqJpwqMc=
32,-34,R5lATJbNafrglxMSYvb5zdDZrz0=,zlyNOPSdrTJayfHQtXSiqJpwqMc=
32,-43,R5lATJbNafrglxMSYvb5zdDZrz0=,9yJfVKmAiEZSszsM8r4l/xAj6I4=
33,-33,R5lATJbNafrglxMSYvb5zdDZrz0=,zlyNOPSdrTJayfHQtXSiqJpwqMc=
34,-33,R5lATJbNafrglxMSYvb5zdDZrz0=,zlyNOPSdrTJayfHQtXSiqJpwqMc=
45,-41,R5lATJbNafrglxMSYvb5zdDZrz0=,pyQ4z9rPilcdBnt3Xwlmaygwon8=
47,-43,R5lATJbNafrglxMSYvb5zdDZrz0=,pyQ4z9rPilcdBnt3Xwlmaygwon8=
46,-48,R5lATJbNafrglxMSYvb5zdDZrz0=,pyQ4z9rPilcdBnt3Xwlmaygwon8=
45,-48,R5lATJbNafrglxMSYvb5zdDZrz0=,pyQ4z9rPilcdBnt3Xwlmaygwon8=
45,-43,R5lATJbNafrglxMSYvb5zdDZrz0=,pyQ4z9rPilcdBnt3Xwlmaygwon8=
46,-41,R5lATJbNafrglxMSYvb5zdDZrz0=,pyQ4z9rPilcdBnt3Xwlmaygwon8=
47,-48,R5lATJbNafrglxMSYvb5zdDZrz0=,pyQ4z9rPilcdBnt3Xwlmaygwon8=
47,-46,R5lATJbNafrglxMSYvb5zdDZrz0=,pyQ4z9rPilcdBnt3Xwlmaygwon8=
46,-43,R5lATJbNafrglxMSYvb5zdDZrz0=,pyQ4z9rPilcdBnt3Xwlmaygwon8=
46,-46,R5lATJbNafrglxMSYvb5zdDZrz0=,pyQ4z9rPilcdBnt3Xwlmaygwon8=
47,-39,R5lATJbNafrglxMSYvb5zdDZrz0=,hVpToRJwP4ALNFbpXcOzbcMJk9U=
45,-46,R5lATJbNafrglxMSYvb5zdDZrz0=,pyQ4z9rPilcdBnt3Xwlmaygwon8=
46,-39,R5lATJbNafrglxMSYvb5zdDZrz0=,hVpToRJwP4ALNFbpXcOzbcMJk9U=
47,-44,R5lATJbNafrglxMSYvb5zdDZrz0=,pyQ4z9rPilcdBnt3Xwlmaygwon8=
47,-38,R5lATJbNafrglxMSYvb5zdDZrz0=,hVpToRJwP4ALNFbpXcOzbcMJk9U=
47,-40,R5lATJbNafrglxMSYvb5zdDZrz0=,hVpToRJwP4ALNFbpXcOzbcMJk9U=
47,-41,R5lATJbNafrglxMSYvb5zdDZrz0=,pyQ4z9rPilcdBnt3Xwlmaygwon8=
46,-44,R5lATJbNafrglxMSYvb5zdDZrz0=,pyQ4z9rPilcdBnt3Xwlmaygwon8=
45,-39,R5lATJbNafrglxMSYvb5zdDZrz0=,hVpToRJwP4ALNFbpXcOzbcMJk9U=
45,-44,R5lATJbNafrglxMSYvb5zdDZrz0=,pyQ4z9rPilcdBnt3Xwlmaygwon8=
46,-38,R5lATJbNafrglxMSYvb5zdDZrz0=,hVpToRJwP4ALNFbpXcOzbcMJk9U=
45,-40,R5lATJbNafrglxMSYvb5zdDZrz0=,hVpToRJwP4ALNFbpXcOzbcMJk9U=
46,-40,R5lATJbNafrglxMSYvb5zdDZrz0=,hVpToRJwP4ALNFbpXcOzbcMJk9U=
47,-42,R5lATJbNafrglxMSYvb5zdDZrz0=,pyQ4z9rPilcdBnt3Xwlmaygwon8=
45,-47,R5lATJbNafrglxMSYvb5zdDZrz0=,pyQ4z9rPilcdBnt3Xwlmaygwon8=
47,-45,R5lATJbNafrglxMSYvb5zdDZrz0=,pyQ4z9rPilcdBnt3Xwlmaygwon8=
46,-47,R5lATJbNafrglxMSYvb5zdDZrz0=,pyQ4z9rPilcdBnt3Xwlmaygwon8=
45,-45,R5lATJbNafrglxMSYvb5zdDZrz0=,pyQ4z9rPilcdBnt3Xwlmaygwon8=
45,-38,R5lATJbNafrglxMSYvb5zdDZrz0=,hVpToRJwP4ALNFbpXcOzbcMJk9U=
47,-47,R5lATJbNafrglxMSYvb5zdDZrz0=,pyQ4z9rPilcdBnt3Xwlmaygwon8=
46,-42,R5lATJbNafrglxMSYvb5zdDZrz0=,pyQ4z9rPilcdBnt3Xwlmaygwon8=
45,-42,R5lATJbNafrglxMSYvb5zdDZrz0=,pyQ4z9rPilcdBnt3Xwlmaygwon8=
46,-45,R5lATJbNafrglxMSYvb5zdDZrz0=,pyQ4z9rPilcdBnt3Xwlmaygwon8=
